risk,K,n,seed,gamma,alpha,entropy_kappa,smoothing_tau,step_size,step_decay,max_iter,minibatch_size,regret_tolerance,record_every,certify_every,method,continuation_stage,stage_iteration,iteration,selected_stage,stage_improvement,stage_relative_improvement,stage_termination_reason,continuation_stop_reason,residual_norm,objective,eta,regret1,regret2,theta1,theta2
cvar,500,50,15128123,0.5,0.5,0.01,0.02,0.001,0.5,2000,23,0.01,100,100,full_batch,0,0,0,True,nan,nan,stagnation,,0.26895991653253065,0.036169718350592926,0.053812909281679255,0.043683273379414134,0.053812909281679255,0.4933989350088295,0.49834732256494835
cvar,500,50,15128123,0.5,0.5,0.01,0.02,0.001,0.5,2000,23,0.01,100,100,full_batch,0,100,100,True,nan,nan,stagnation,,0.2640715516249412,0.034866892188802,0.05381211702482158,0.043682357517116355,0.05381211702482158,0.49121454383512914,0.49516570192601683
cvar,500,50,15128123,0.5,0.5,0.01,0.02,0.001,0.5,2000,23,0.01,100,100,full_batch,0,200,200,True,nan,nan,stagnation,,0.264058434150148,0.03486342832291403,0.053811789761559314,0.04368197334923141,0.053811789761559314,0.49112982502951963,0.4950447820234747
cvar,500,50,15128123,0.5,0.5,0.01,0.02,0.001,0.5,2000,23,0.01,100,100,full_batch,0,300,300,True,nan,nan,stagnation,,0.26405627555859135,0.034862858330937364,0.053811539698288446,0.0436816795431304,0.053811539698288446,0.49110992038526347,0.4950165007061961
cvar,500,50,15128123,0.5,0.5,0.01,0.02,0.001,0.5,2000,23,0.01,100,100,full_batch,0,400,400,True,nan,nan,stagnation,,0.2640550087470132,0.03486252382219261,0.05381132910240455,0.043681432052756985,0.05381132910240455,0.4911033623426947,0.49500719326641257
cvar,500,50,15128123,0.5,0.5,0.01,0.02,0.001,0.5,2000,23,0.01,100,100,full_batch,0,500,500,True,nan,nan,stagnation,,0.2640539617463889,0.03486224735698171,0.05381114362192374,0.04368121406137826,0.05381114362192374,0.4911007979452233,0.4950035425727892
cvar,500,50,15128123,0.5,0.5,0.01,0.02,0.001,0.5,2000,23,0.01,100,100,minibatch,0,0,0,True,nan,nan,stagnation,,0.26895991653253065,0.036169718350592926,0.053812909281679255,0.043683273379414134,0.053812909281679255,0.4933989350088295,0.49834732256494835
cvar,500,50,15128123,0.5,0.5,0.01,0.02,0.001,0.5,2000,23,0.01,100,100,minibatch,0,100,100,True,nan,nan,stagnation,,0.26408559500273027,0.03487060074397304,0.0538121153189739,0.04368234444581498,0.0538121153189739,0.4912000426546198,0.4952788155976941
cvar,500,50,15128123,0.5,0.5,0.01,0.02,0.001,0.5,2000,23,0.01,100,100,minibatch,0,200,200,True,nan,nan,stagnation,,0.26405878572575564,0.034863521159480264,0.05381178604829867,0.04368196126944612,0.05381178604829867,0.49115080226139884,0.4950380194188338
cvar,500,50,15128123,0.5,0.5,0.01,0.02,0.001,0.5,2000,23,0.01,100,100,minibatch,0,300,300,True,nan,nan,stagnation,,0.2640579284222832,0.03486329478133382,0.053811539985763934,0.04368166691549047,0.053811539985763934,0.4911269823347462,0.49507187755754695
cvar,500,50,15128123,0.5,0.5,0.01,0.02,0.001,0.5,2000,23,0.01,100,100,minibatch,0,400,400,True,nan,nan,stagnation,,0.26405691831614997,0.03486302805531095,0.0538113278606791,0.0436814202718539,0.0538113278606791,0.49117658282570115,0.4949795950013815
cvar,500,50,15128123,0.5,0.5,0.01,0.02,0.001,0.5,2000,23,0.01,100,100,minibatch,0,500,500,True,nan,nan,stagnation,,0.26405395447833574,0.0348622454378235,0.05381114133893,0.04368119991432551,0.05381114133893,0.49109655734599184,0.4949962228797911
cvar,500,50,15128123,0.5,0.5,0.01,0.02,0.01,0.5,2000,23,0.01,100,100,full_batch,0,0,0,True,nan,nan,stagnation,,0.26895991653253065,0.036169718350592926,0.053812909281679255,0.043683273379414134,0.053812909281679255,0.4933989350088295,0.49834732256494835
cvar,500,50,15128123,0.5,0.5,0.01,0.02,0.01,0.5,2000,23,0.01,100,100,full_batch,0,100,100,True,nan,nan,stagnation,,0.26402283626994316,0.034854029036012604,0.05380554023823192,0.04367462851936055,0.05380554023823192,0.4911003879400758,0.4950016352208514
cvar,500,50,15128123,0.5,0.5,0.01,0.02,0.01,0.5,2000,23,0.01,100,100,full_batch,0,200,200,True,nan,nan,stagnation,,0.26400479495818885,0.03484926588045767,0.053802291894219145,0.04367081085560165,0.053802291894219145,0.4911015382822106,0.49500246865955705
cvar,500,50,15128123,0.5,0.5,0.01,0.02,0.01,0.5,2000,23,0.01,100,100,full_batch,0,300,300,True,nan,nan,stagnation,,0.26399094279623814,0.03484560893922334,0.05379979779600247,0.04366787971174996,0.05379979779600247,0.49110242147324523,0.49500310857199376
cvar,500,50,15128123,0.5,0.5,0.01,0.02,0.01,0.5,2000,23,0.01,100,100,full_batch,0,400,400,True,nan,nan,stagnation,,0.26397926257909976,0.03484252553590265,0.05379769475099433,0.043665414624633525,0.05379769475099433,0.4911031661547157,0.4950036481470145
cvar,500,50,15128123,0.5,0.5,0.01,0.02,0.01,0.5,2000,23,0.01,100,100,full_batch,0,500,500,True,nan,nan,stagnation,,0.2639689713256376,0.03483980891135765,0.053795841785440834,0.04366324343395195,0.053795841785440834,0.49110382225902,0.49500412355601425
cvar,500,50,15128123,0.5,0.5,0.01,0.02,0.01,0.5,2000,23,0.01,100,100,minibatch,0,0,0,True,nan,nan,stagnation,,0.26895991653253065,0.036169718350592926,0.053812909281679255,0.043683273379414134,0.053812909281679255,0.4933989350088295,0.49834732256494835
cvar,500,50,15128123,0.5,0.5,0.01,0.02,0.01,0.5,2000,23,0.01,100,100,minibatch,0,100,100,True,nan,nan,stagnation,,0.2640301166473468,0.034855951248405785,0.05380547938339697,0.043674535530181635,0.05380547938339697,0.4909593444614604,0.494932546618954
cvar,500,50,15128123,0.5,0.5,0.01,0.02,0.01,0.5,2000,23,0.01,100,100,minibatch,0,200,200,True,nan,nan,stagnation,,0.2640367300639761,0.03485769741143849,0.05380224565076941,0.04367072317736642,0.05380224565076941,0.49141802629197545,0.4949157017350042
cvar,500,50,15128123,0.5,0.5,0.01,0.02,0.01,0.5,2000,23,0.01,100,100,minibatch,0,300,300,True,nan,nan,stagnation,,0.2640377548950659,0.03485796800501346,0.05379978870528923,0.043667784182262914,0.05379978870528923,0.491269501174699,0.49536266738936846
cvar,500,50,15128123,0.5,0.5,0.01,0.02,0.01,0.5,2000,23,0.01,100,100,minibatch,0,400,400,True,nan,nan,stagnation,,0.26399042426738145,0.03484547205243603,0.05379769584249311,0.04366530001037783,0.05379769584249311,0.49126459907361786,0.4951116700301692
cvar,500,50,15128123,0.5,0.5,0.01,0.02,0.01,0.5,2000,23,0.01,100,100,minibatch,0,500,500,True,nan,nan,stagnation,,0.2639786261845861,0.034842357541150726,0.053795820383044535,0.04366312569383235,0.053795820383044535,0.4910001306856958,0.49515186685510604
cvar,500,50,15128123,0.5,0.5,0.01,0.02,0.1,0.5,2000,23,0.01,100,100,full_batch,0,0,0,True,nan,nan,stagnation,,0.26895991653253065,0.036169718350592926,0.053812909281679255,0.043683273379414134,0.053812909281679255,0.4933989350088295,0.49834732256494835
cvar,500,50,15128123,0.5,0.5,0.01,0.02,0.1,0.5,2000,23,0.01,100,100,full_batch,0,100,100,True,nan,nan,stagnation,,0.26365947150426067,0.03475815845695302,0.053750374322890315,0.043584525403930985,0.053750374322890315,0.49112604088039935,0.49501521193778775
cvar,500,50,15128123,0.5,0.5,0.01,0.02,0.1,0.5,2000,23,0.01,100,100,full_batch,0,200,200,True,nan,nan,stagnation,,0.26347972762991506,0.03471078343596711,0.0537179769569765,0.04354662371565643,0.0537179769569765,0.4911374416975238,0.4950235848132229
cvar,500,50,15128123,0.5,0.5,0.01,0.02,0.1,0.5,2000,23,0.01,100,100,full_batch,0,300,300,True,nan,nan,stagnation,,0.2633418760545361,0.03467447184196132,0.05369339666838979,0.043517581855691934,0.05369339666838979,0.4911462100538653,0.49502996230333096
cvar,500,50,15128123,0.5,0.5,0.01,0.02,0.1,0.5,2000,23,0.01,100,100,full_batch,0,400,400,True,nan,nan,stagnation,,0.2632257440034981,0.03464389615309755,0.05367278149795618,0.04349315224173633,0.05367278149795618,0.4911535939777453,0.4950353345932626
cvar,500,50,15128123,0.5,0.5,0.01,0.02,0.1,0.5,2000,23,0.01,100,100,full_batch,0,500,500,True,nan,nan,stagnation,,0.2631235014389618,0.03461698850474967,0.05365462226359147,0.04347165972077005,0.05365462226359147,0.4911600925796506,0.49504006405052015
cvar,500,50,15128123,0.5,0.5,0.01,0.02,0.1,0.5,2000,23,0.01,100,100,minibatch,0,0,0,True,nan,nan,stagnation,,0.26895991653253065,0.036169718350592926,0.053812909281679255,0.043683273379414134,0.053812909281679255,0.4933989350088295,0.49834732256494835
cvar,500,50,15128123,0.5,0.5,0.01,0.02,0.1,0.5,2000,23,0.01,100,100,minibatch,0,100,100,True,nan,nan,stagnation,,0.26458138035018053,0.03500165341400345,0.05374158733334072,0.04359182323533606,0.05374158733334072,0.4893554135915398,0.4948871834955355
cvar,500,50,15128123,0.5,0.5,0.01,0.02,0.1,0.5,2000,23,0.01,100,100,minibatch,0,200,200,True,nan,nan,stagnation,,0.2646498306336285,0.03501976642720413,0.053709428231241085,0.04355384232149018,0.053709428231241085,0.49292883201994586,0.4958821896471253
cvar,500,50,15128123,0.5,0.5,0.01,0.02,0.1,0.5,2000,23,0.01,100,100,minibatch,0,300,300,True,nan,nan,stagnation,,0.26376134226013315,0.03478502283543355,0.0536850862020718,0.04352475049985949,0.0536850862020718,0.4922872183950551,0.4953786873493742
cvar,500,50,15128123,0.5,0.5,0.01,0.02,0.1,0.5,2000,23,0.01,100,100,minibatch,0,400,400,True,nan,nan,stagnation,,0.26341205357212,0.034692954983540705,0.05366462011762374,0.04350008122078641,0.05366462011762374,0.4918802780193216,0.49470052883767174
cvar,500,50,15128123,0.5,0.5,0.01,0.02,0.1,0.5,2000,23,0.01,100,100,minibatch,0,500,500,True,nan,nan,stagnation,,0.26336876243706325,0.03468155251381513,0.05364623279136893,0.043478601038003606,0.05364623279136893,0.49096957190162377,0.4959361738564312
cvar,500,50,15128123,0.5,0.5,0.01,0.02,1.0,0.5,2000,23,0.01,100,100,full_batch,0,0,0,True,nan,nan,stagnation,,0.26895991653253065,0.036169718350592926,0.053812909281679255,0.043683273379414134,0.053812909281679255,0.4933989350088295,0.49834732256494835
cvar,500,50,15128123,0.5,0.5,0.01,0.02,1.0,0.5,2000,23,0.01,100,100,full_batch,0,100,100,True,nan,nan,stagnation,,0.7196246239988856,0.25892979973276875,0.05357120281370131,0.04340915296327902,0.05357120281370131,0.13136396396053238,-0.033858893754397615
cvar,500,50,15128123,0.5,0.5,0.01,0.02,1.0,0.5,2000,23,0.01,100,100,full_batch,0,200,200,True,nan,nan,stagnation,,0.7195652155716127,0.25888704973031074,0.053482109117323595,0.043307571198732964,0.053482109117323595,0.13136677123473958,-0.03385889319514169
cvar,500,50,15128123,0.5,0.5,0.01,0.02,1.0,0.5,2000,23,0.01,100,100,full_batch,0,300,300,True,nan,nan,stagnation,,0.7195199172253088,0.25885445564195764,0.05341425574083025,0.04323012266664539,0.05341425574083025,0.13136892428070657,-0.03385889276614514
cvar,500,50,15128123,0.5,0.5,0.01,0.02,1.0,0.5,2000,23,0.01,100,100,full_batch,0,400,400,True,nan,nan,stagnation,,0.719481932366683,0.25882712550104814,0.05335794241563474,0.043165172751695735,0.05335794241563474,0.1313707381418157,-0.033858892404682074
cvar,500,50,15128123,0.5,0.5,0.01,0.02,1.0,0.5,2000,23,0.01,100,100,full_batch,0,500,500,True,nan,nan,stagnation,,0.7194486231914656,0.25880316070604775,0.05330839345773741,0.04310843531659064,0.05330839345773741,0.1313723351007663,-0.03385889208640558
cvar,500,50,15128123,0.5,0.5,0.01,0.02,1.0,0.5,2000,23,0.01,100,100,full_batch,0,600,600,True,nan,nan,stagnation,,0.7194186357217227,0.25878158671185236,0.05326399951419314,0.043057216323275804,0.05326399951419314,0.13137377793079133,-0.03385889179881728
cvar,500,50,15128123,0.5,0.5,0.01,0.02,1.0,0.5,2000,23,0.01,100,100,full_batch,0,700,700,True,nan,nan,stagnation,,0.7193911652601572,0.2587618243271834,0.05322407630078341,0.043010348905600404,0.05322407630078341,0.13137510394270727,-0.033858891534488435
cvar,500,50,15128123,0.5,0.5,0.01,0.02,1.0,0.5,2000,23,0.01,100,100,minibatch,0,0,0,True,nan,nan,stagnation,,0.26895991653253065,0.036169718350592926,0.053812909281679255,0.043683273379414134,0.053812909281679255,0.4933989350088295,0.49834732256494835
cvar,500,50,15128123,0.5,0.5,0.01,0.02,1.0,0.5,2000,23,0.01,100,100,minibatch,0,100,100,True,nan,nan,stagnation,,0.7196232346499224,0.25892879992400863,0.05356913327829055,0.043400844471436106,0.05356913327829055,0.041056853371655905,-0.12912412141671686
cvar,500,50,15128123,0.5,0.5,0.01,0.02,1.0,0.5,2000,23,0.01,100,100,minibatch,0,200,200,True,nan,nan,stagnation,,0.7195638353061213,0.25888605654022745,0.05348003385110622,0.043299303529939714,0.05348003385110622,0.041056883974573626,-0.12912412141198878
cvar,500,50,15128123,0.5,0.5,0.01,0.02,1.0,0.5,2000,23,0.01,100,100,minibatch,0,300,300,True,nan,nan,stagnation,,0.7195185438864063,0.2588534674982072,0.05341220434830524,0.04322189136692445,0.05341220434830524,0.04105690737438112,-0.1291241214083267
cvar,500,50,15128123,0.5,0.5,0.01,0.02,1.0,0.5,2000,23,0.01,100,100,minibatch,0,400,400,True,nan,nan,stagnation,,0.7194805648365517,0.2588261415887617,0.05335588159982585,0.04315696081459691,0.05335588159982585,0.04105692713863878,-0.1291241214052363
cvar,500,50,15128123,0.5,0.5,0.01,0.02,1.0,0.5,2000,23,0.01,100,100,minibatch,0,500,500,True,nan,nan,stagnation,,0.7194472607555342,0.2588021805043208,0.05330633415492558,0.04310024911586141,0.05330633415492558,0.04105694461510074,-0.12912412140253907
cvar,500,50,15128123,0.5,0.5,0.01,0.02,1.0,0.5,2000,23,0.01,100,100,minibatch,0,600,600,True,nan,nan,stagnation,,0.7194172778724016,0.25878060985066814,0.053261962930878815,0.04304905241598872,0.053261962930878815,0.041056960535421676,-0.12912412140007695
cvar,500,50,15128123,0.5,0.5,0.01,0.02,1.0,0.5,2000,23,0.01,100,100,minibatch,0,700,700,True,nan,nan,stagnation,,0.7193898116128611,0.2587608505261939,0.053222064527175705,0.04300220480714623,0.053222064527175705,0.041056975127726145,-0.12912412139782772
cvar,500,50,15128123,0.5,0.5,0.01,0.002,0.001,0.5,2000,23,0.01,100,100,full_batch,0,0,0,True,nan,nan,stagnation,,0.26841497294615796,0.036023298850843356,0.053812909281679255,0.043683273379414134,0.053812909281679255,0.4933989350088295,0.49834732256494835
cvar,500,50,15128123,0.5,0.5,0.01,0.002,0.001,0.5,2000,23,0.01,100,100,full_batch,0,100,100,True,nan,nan,stagnation,,0.2639475404036491,0.034834152042567984,0.053812166281666574,0.04368241517243188,0.053812166281666574,0.49309993249961076,0.49776512249388283
cvar,500,50,15128123,0.5,0.5,0.01,0.002,0.001,0.5,2000,23,0.01,100,100,full_batch,0,200,200,True,nan,nan,stagnation,,0.2639456904169741,0.03483366374484656,0.053811842700136836,0.04368203350519617,0.053811842700136836,0.49310002576884554,0.4977651778606343
cvar,500,50,15128123,0.5,0.5,0.01,0.002,0.001,0.5,2000,23,0.01,100,100,full_batch,0,300,300,True,nan,nan,stagnation,,0.2639442698313282,0.03483328878839649,0.05381159422508042,0.043681740427613025,0.05381159422508042,0.4931000973890509,0.49776522037613835
cvar,500,50,15128123,0.5,0.5,0.01,0.002,0.001,0.5,2000,23,0.01,100,100,full_batch,0,400,400,True,nan,nan,stagnation,,0.2639430718769269,0.0348329725959143,0.0538113846904239,0.043681493281043204,0.0538113846904239,0.4931001577848996,0.4977652562286654
cvar,500,50,15128123,0.5,0.5,0.01,0.002,0.001,0.5,2000,23,0.01,100,100,full_batch,0,500,500,True,nan,nan,stagnation,,0.2639420162957496,0.03483269398313287,0.053811200058247965,0.043681275507468365,0.053811200058247965,0.49310021100274465,0.49776528782020235
cvar,500,50,15128123,0.5,0.5,0.01,0.002,0.001,0.5,2000,23,0.01,100,100,minibatch,0,0,0,True,nan,nan,stagnation,,0.26841497294615796,0.036023298850843356,0.053812909281679255,0.043683273379414134,0.053812909281679255,0.4933989350088295,0.49834732256494835
cvar,500,50,15128123,0.5,0.5,0.01,0.002,0.001,0.5,2000,23,0.01,100,100,minibatch,0,100,100,True,nan,nan,stagnation,,0.2657431622482817,0.03530971414085829,0.053812285285049444,0.043682303083216634,0.053812285285049444,0.4926962616864242,0.4976900527447818
cvar,500,50,15128123,0.5,0.5,0.01,0.002,0.001,0.5,2000,23,0.01,100,100,minibatch,0,200,200,True,nan,nan,stagnation,,0.27255883995696567,0.03714416061934341,0.053811971247007484,0.04368196616841197,0.053811971247007484,0.493951939121458,0.49747089727572935
cvar,500,50,15128123,0.5,0.5,0.01,0.002,0.001,0.5,2000,23,0.01,100,100,minibatch,0,300,300,True,nan,nan,stagnation,,0.267722830789172,0.03583775706288381,0.053811755808362505,0.04368166270678797,0.053811755808362505,0.49356143897378235,0.49814480212825785
cvar,500,50,15128123,0.5,0.5,0.01,0.002,0.001,0.5,2000,23,0.01,100,100,minibatch,0,400,400,True,nan,nan,stagnation,,0.26449742236041673,0.03497944321765234,0.05381156153015332,0.04368139095940615,0.05381156153015332,0.49331670830781593,0.4976975765679485
cvar,500,50,15128123,0.5,0.5,0.01,0.002,0.001,0.5,2000,23,0.01,100,100,minibatch,0,500,500,True,nan,nan,stagnation,,0.2668472432876479,0.03560372562510858,0.05381138011677189,0.04368118092850992,0.05381138011677189,0.49316309473687064,0.4982911660759386
cvar,500,50,15128123,0.5,0.5,0.01,0.002,0.01,0.5,2000,23,0.01,100,100,full_batch,0,0,0,True,nan,nan,stagnation,,0.26841497294615796,0.036023298850843356,0.053812909281679255,0.043683273379414134,0.053812909281679255,0.4933989350088295,0.49834732256494835
cvar,500,50,15128123,0.5,0.5,0.01,0.002,0.01,0.5,2000,23,0.01,100,100,full_batch,0,100,100,True,nan,nan,stagnation,,0.7593980192570288,0.2883426758257493,0.05381142871102762,0.04366663964973422,0.05381142871102762,0.5420271014175536,0.46630330884759663
cvar,500,50,15128123,0.5,0.5,0.01,0.002,0.01,0.5,2000,23,0.01,100,100,full_batch,0,200,200,True,nan,nan,stagnation,,0.7593834525734098,0.28833161402115604,0.053811648945218726,0.04365742404227868,0.053811648945218726,0.5420270975951724,0.46631968131001483
cvar,500,50,15128123,0.5,0.5,0.01,0.002,0.01,0.5,2000,23,0.01,100,100,full_batch,0,300,300,True,nan,nan,stagnation,,0.7593722741887894,0.28832312540332694,0.05381181749468217,0.04365035395254169,0.05381181749468217,0.5420270946579996,0.46633234687713404
cvar,500,50,15128123,0.5,0.5,0.01,0.002,0.01,0.5,2000,23,0.01,100,100,full_batch,0,400,400,True,nan,nan,stagnation,,0.7593628525260636,0.2883159708982601,0.053811959247755614,0.04364439367885797,0.053811959247755614,0.5420270921797796,0.46634309134777463
cvar,500,50,15128123,0.5,0.5,0.01,0.002,0.01,0.5,2000,23,0.01,100,100,full_batch,0,500,500,True,nan,nan,stagnation,,0.7593545542872026,0.288309669558358,0.05381208386477454,0.04363914313394929,0.05381208386477454,0.542027089995061,0.4663526077986486
cvar,500,50,15128123,0.5,0.5,0.01,0.002,0.01,0.5,2000,23,0.01,100,100,minibatch,0,0,0,True,nan,nan,stagnation,,0.26841497294615796,0.036023298850843356,0.053812909281679255,0.043683273379414134,0.053812909281679255,0.4933989350088295,0.49834732256494835
cvar,500,50,15128123,0.5,0.5,0.01,0.002,0.01,0.5,2000,23,0.01,100,100,minibatch,0,100,100,True,nan,nan,stagnation,,0.7197799558545972,0.25904159242502295,0.05380975097724716,0.04367929315664687,0.05380975097724716,0.44438287737847976,0.42531939505829724
cvar,500,50,15128123,0.5,0.5,0.01,0.002,0.01,0.5,2000,23,0.01,100,100,minibatch,0,200,200,True,nan,nan,stagnation,,0.7197793468633203,0.259041154085494,0.053808827292054495,0.043678252692527564,0.053808827292054495,0.4443828816418261,0.42531939505831523
cvar,500,50,15128123,0.5,0.5,0.01,0.002,0.01,0.5,2000,23,0.01,100,100,minibatch,0,300,300,True,nan,nan,stagnation,,0.7197788792526877,0.2590408175091276,0.05380811803097946,0.04367745375450505,0.05380811803097946,0.4443828843063305,0.42531939505833055
cvar,500,50,15128123,0.5,0.5,0.01,0.002,0.01,0.5,2000,23,0.01,100,100,minibatch,0,400,400,True,nan,nan,stagnation,,0.7197784849435735,0.25904053369383306,0.053807519942209114,0.043676780040353025,0.053807519942209114,0.444382886663832,0.42531939505834415
cvar,500,50,15128123,0.5,0.5,0.01,0.002,0.01,0.5,2000,23,0.01,100,100,minibatch,0,500,500,True,nan,nan,stagnation,,0.7197781375109571,0.25904028361937115,0.05380699294839464,0.04367618640717441,0.05380699294839464,0.44438288908033097,0.4253193950583555
cvar,500,50,15128123,0.5,0.5,0.01,0.002,0.1,0.5,2000,23,0.01,100,100,full_batch,0,0,0,True,nan,nan,stagnation,,0.26841497294615796,0.036023298850843356,0.053812909281679255,0.043683273379414134,0.053812909281679255,0.4933989350088295,0.49834732256494835
cvar,500,50,15128123,0.5,0.5,0.01,0.002,0.1,0.5,2000,23,0.01,100,100,full_batch,0,100,100,True,nan,nan,stagnation,,0.7197642510765555,0.2590302885638974,0.05378431604705358,0.043653811677477505,0.05378431604705358,0.3220838878385311,0.17756342949319473
cvar,500,50,15128123,0.5,0.5,0.01,0.002,0.1,0.5,2000,23,0.01,100,100,full_batch,0,200,200,True,nan,nan,stagnation,,0.7197581765381613,0.2590259163467695,0.05377509721984797,0.04364345874160663,0.05377509721984797,0.3220838878385311,0.17756342949319473
cvar,500,50,15128123,0.5,0.5,0.01,0.002,0.1,0.5,2000,23,0.01,100,100,full_batch,0,300,300,True,nan,nan,stagnation,,0.7197535152419982,0.2590225613516066,0.053768021720031645,0.04363551149165118,0.053768021720031645,0.3220838878385311,0.17756342949319473
cvar,500,50,15128123,0.5,0.5,0.01,0.002,0.1,0.5,2000,23,0.01,100,100,full_batch,0,400,400,True,nan,nan,stagnation,,0.7197495866657296,0.25901973375274434,0.05376205746769669,0.043628811513206966,0.05376205746769669,0.3220838878385311,0.17756342949319473
cvar,500,50,15128123,0.5,0.5,0.01,0.002,0.1,0.5,2000,23,0.01,100,100,full_batch,0,500,500,True,nan,nan,stagnation,,0.7197461266640323,0.25901724342393856,0.05375680385984499,0.04362290916648043,0.05375680385984499,0.3220838878385311,0.17756342949319473
cvar,500,50,15128123,0.5,0.5,0.01,0.002,0.1,0.5,2000,23,0.01,100,100,minibatch,0,0,0,True,nan,nan,stagnation,,0.26841497294615796,0.036023298850843356,0.053812909281679255,0.043683273379414134,0.053812909281679255,0.4933989350088295,0.49834732256494835
cvar,500,50,15128123,0.5,0.5,0.01,0.002,0.1,0.5,2000,23,0.01,100,100,minibatch,0,100,100,True,nan,nan,stagnation,,0.7197596968717936,0.2590270106204881,0.053781358738907714,0.04364359157983938,0.053781358738907714,0.0032382772143453036,-0.23193195250204274
cvar,500,50,15128123,0.5,0.5,0.01,0.002,0.1,0.5,2000,23,0.01,100,100,minibatch,0,200,200,True,nan,nan,stagnation,,0.7197536267145879,0.25902264158440114,0.053772143348432666,0.0436332400508318,0.053772143348432666,0.0032382772143453036,-0.23193195250204274
cvar,500,50,15128123,0.5,0.5,0.01,0.002,0.1,0.5,2000,23,0.01,100,100,minibatch,0,300,300,True,nan,nan,stagnation,,0.7197489687794736,0.25901928902955784,0.05376507048573642,0.04362529388182779,0.05376507048573642,0.0032382772143453036,-0.23193195250204274
cvar,500,50,15128123,0.5,0.5,0.01,0.002,0.1,0.5,2000,23,0.01,100,100,minibatch,0,400,400,True,nan,nan,stagnation,,0.7197450430353466,0.25901646348697643,0.05375910845595033,0.043618594815359124,0.05375910845595033,0.0032382772143453036,-0.23193195250204274
cvar,500,50,15128123,0.5,0.5,0.01,0.002,0.1,0.5,2000,23,0.01,100,100,minibatch,0,500,500,True,nan,nan,stagnation,,0.7197415855275549,0.25901397496885925,0.05375385680552941,0.04361269327254791,0.05375385680552941,0.0032382772143453036,-0.23193195250204274
cvar,500,50,15128123,0.5,0.5,0.01,0.002,1.0,0.5,2000,23,0.01,100,100,full_batch,0,0,0,True,nan,nan,stagnation,,0.26841497294615796,0.036023298850843356,0.053812909281679255,0.043683273379414134,0.053812909281679255,0.4933989350088295,0.49834732256494835
cvar,500,50,15128123,0.5,0.5,0.01,0.002,1.0,0.5,2000,23,0.01,100,100,full_batch,0,100,100,True,nan,nan,stagnation,,0.7196046419831333,0.25891542038183674,0.053532392117679795,0.04339080277346613,0.053532392117679795,-1.219751536694154,-2.7094916081525877
cvar,500,50,15128123,0.5,0.5,0.01,0.002,1.0,0.5,2000,23,0.01,100,100,full_batch,0,200,200,True,nan,nan,stagnation,,0.7195454444970479,0.25887282334822714,0.05344348240599989,0.043289390070017086,0.05344348240599989,-1.219751536694154,-2.7094916081525877
cvar,500,50,15128123,0.5,0.5,0.01,0.002,1.0,0.5,2000,23,0.01,100,100,full_batch,0,300,300,True,nan,nan,stagnation,,0.7195003064416853,0.25884034548483953,0.053376148380603616,0.04321208450420477,0.053376148380603616,-1.219751536694154,-2.7094916081525877
cvar,500,50,15128123,0.5,0.5,0.01,0.002,1.0,0.5,2000,23,0.01,100,100,full_batch,0,400,400,True,nan,nan,stagnation,,0.7194624556274628,0.25881311252874944,0.05331998006512617,0.04314749851054023,0.05331998006512617,-1.219751536694154,-2.7094916081525877
cvar,500,50,15128123,0.5,0.5,0.01,0.002,1.0,0.5,2000,23,0.01,100,100,full_batch,0,500,500,True,nan,nan,stagnation,,0.7194292637204671,0.2587892327486867,0.05327056418493137,0.04309069218079786,0.05327056418493137,-1.219751536694154,-2.7094916081525877
cvar,500,50,15128123,0.5,0.5,0.01,0.002,1.0,0.5,2000,23,0.01,100,100,full_batch,0,600,600,True,nan,nan,stagnation,,0.7193993816034446,0.2587677351257093,0.05322671550738156,0.0430395026838889,0.05322671550738156,-1.219751536694154,-2.7094916081525877
cvar,500,50,15128123,0.5,0.5,0.01,0.002,1.0,0.5,2000,23,0.01,100,100,full_batch,0,700,700,True,nan,nan,stagnation,,0.7193720074676547,0.25874804256402173,0.05318738294081493,0.04299266392325274,0.05318738294081493,-1.219751536694154,-2.7094916081525877
cvar,500,50,15128123,0.5,0.5,0.01,0.002,1.0,0.5,2000,23,0.01,100,100,minibatch,0,0,0,True,nan,nan,stagnation,,0.26841497294615796,0.036023298850843356,0.053812909281679255,0.043683273379414134,0.053812909281679255,0.4933989350088295,0.49834732256494835
cvar,500,50,15128123,0.5,0.5,0.01,0.002,1.0,0.5,2000,23,0.01,100,100,minibatch,0,100,100,True,nan,nan,stagnation,,0.7195605394760293,0.2588836849855171,0.05350459140168057,0.04328893406823753,0.05350459140168057,-4.408207642936012,-6.8044454281049624
cvar,500,50,15128123,0.5,0.5,0.01,0.002,1.0,0.5,2000,23,0.01,100,100,minibatch,0,200,200,True,nan,nan,stagnation,,0.7195017615831103,0.25884139246059945,0.0534163489207678,0.04318789214258534,0.0534163489207678,-4.408207642936012,-6.8044454281049624
cvar,500,50,15128123,0.5,0.5,0.01,0.002,1.0,0.5,2000,23,0.01,100,100,minibatch,0,300,300,True,nan,nan,stagnation,,0.7194569427094784,0.2588091462064348,0.05334967548745939,0.04311125148976169,0.05334967548745939,-4.408207642936012,-6.8044454281049624
cvar,500,50,15128123,0.5,0.5,0.01,0.002,1.0,0.5,2000,23,0.01,100,100,minibatch,0,400,400,True,nan,nan,stagnation,,0.7194193590426171,0.25878210708264504,0.05329354760793725,0.04304677611584118,0.05329354760793725,-4.408207642936012,-6.8044454281049624
cvar,500,50,15128123,0.5,0.5,0.01,0.002,1.0,0.5,2000,23,0.01,100,100,minibatch,0,500,500,True,nan,nan,stagnation,,0.719386401022576,0.25875839698810726,0.05324506223689485,0.04299007228984253,0.05324506223689485,-4.408207642936012,-6.8044454281049624
cvar,500,50,15128123,0.5,0.5,0.01,0.002,1.0,0.5,2000,23,0.01,100,100,minibatch,0,600,600,True,nan,nan,stagnation,,0.7193567291680014,0.2587370518996427,0.053202448882640974,0.04293908396412427,0.053202448882640974,-4.408207642936012,-6.8044454281049624
cvar,500,50,15128123,0.5,0.5,0.01,0.002,1.0,0.5,2000,23,0.01,100,100,minibatch,0,700,700,True,nan,nan,stagnation,,0.719329547396548,0.2587174988788613,0.05316361234091149,0.042892324221083356,0.05316361234091149,-4.408207642936012,-6.8044454281049624
cvar,500,50,15128123,0.5,0.5,0.003,0.02,0.001,0.5,2000,23,0.01,100,100,full_batch,0,0,0,True,nan,nan,stagnation,,0.2689599165325307,0.03616971835059294,0.053812909281679255,0.043683273379414134,0.053812909281679255,0.4933989350088295,0.49834732256494835
cvar,500,50,15128123,0.5,0.5,0.003,0.02,0.001,0.5,2000,23,0.01,100,100,full_batch,0,100,100,True,nan,nan,stagnation,,0.2640719854117185,0.034867006739643436,0.05381213972691867,0.04368237663276742,0.05381213972691867,0.4912144930207081,0.49516562008464693
cvar,500,50,15128123,0.5,0.5,0.003,0.02,0.001,0.5,2000,23,0.01,100,100,full_batch,0,200,200,True,nan,nan,stagnation,,0.2640590103628721,0.0348635804769097,0.053811822285327326,0.043682000991891456,0.053811822285327326,0.4911297422534134,0.49504464915730284
cvar,500,50,15128123,0.5,0.5,0.003,0.02,0.001,0.5,2000,23,0.01,100,100,full_batch,0,300,300,True,nan,nan,stagnation,,0.26405696097198234,0.0348630393188795,0.05381157974995837,0.04368171373463081,0.05381157974995837,0.49110981265181874,0.4950163280405742
cvar,500,50,15128123,0.5,0.5,0.003,0.02,0.001,0.5,2000,23,0.01,100,100,full_batch,0,400,400,True,nan,nan,stagnation,,0.2640557862357045,0.034862729122278044,0.05381137549883336,0.04368147176705106,0.05381137549883336,0.4911032334754826,0.4950069869088357
cvar,500,50,15128123,0.5,0.5,0.003,0.02,0.001,0.5,2000,23,0.01,100,100,full_batch,0,500,500,True,nan,nan,stagnation,,0.26405482036577244,0.03486247407920017,0.053811195607840534,0.043681258642218834,0.053811195607840534,0.49110065043000617,0.49500330648921337
cvar,500,50,15128123,0.5,0.5,0.003,0.02,0.001,0.5,2000,23,0.01,100,100,minibatch,0,0,0,True,nan,nan,stagnation,,0.2689599165325307,0.03616971835059294,0.053812909281679255,0.043683273379414134,0.053812909281679255,0.4933989350088295,0.49834732256494835
cvar,500,50,15128123,0.5,0.5,0.003,0.02,0.001,0.5,2000,23,0.01,100,100,minibatch,0,100,100,True,nan,nan,stagnation,,0.2640860302114267,0.03487071567641528,0.05381213865035672,0.04368236495757161,0.05381213865035672,0.4911999918649859,0.49527873402781786
cvar,500,50,15128123,0.5,0.5,0.003,0.02,0.001,0.5,2000,23,0.01,100,100,minibatch,0,200,200,True,nan,nan,stagnation,,0.26405936370808597,0.034863673780959614,0.053811819690988416,0.043681990555682615,0.053811819690988416,0.49115071917864916,0.49503788701584195
cvar,500,50,15128123,0.5,0.5,0.003,0.02,0.001,0.5,2000,23,0.01,100,100,minibatch,0,300,300,True,nan,nan,stagnation,,0.26405861492049937,0.03486347605686629,0.053811581262340646,0.0436817027927775,0.053811581262340646,0.4911268746811891,0.4950717056619646
cvar,500,50,15128123,0.5,0.5,0.003,0.02,0.001,0.5,2000,23,0.01,100,100,minibatch,0,400,400,True,nan,nan,stagnation,,0.2640576973514078,0.034863233765263846,0.053811375579738474,0.04368146163486425,0.053811375579738474,0.4911764530854038,0.4949793886549912
cvar,500,50,15128123,0.5,0.5,0.003,0.02,0.001,0.5,2000,23,0.01,100,100,minibatch,0,500,500,True,nan,nan,stagnation,,0.2640548147869256,0.03486247260607879,0.0538111947360993,0.043681246178502164,0.0538111947360993,0.4910964094099127,0.49499598670695955
cvar,500,50,15128123,0.5,0.5,0.003,0.02,0.01,0.5,2000,23,0.01,100,100,full_batch,0,0,0,True,nan,nan,stagnation,,0.2689599165325307,0.03616971835059294,0.053812909281679255,0.043683273379414134,0.053812909281679255,0.4933989350088295,0.49834732256494835
cvar,500,50,15128123,0.5,0.5,0.003,0.02,0.01,0.5,2000,23,0.01,100,100,full_batch,0,100,100,True,nan,nan,stagnation,,0.26402614630532556,0.03485490296642059,0.053805760973339334,0.043674820196081654,0.053805760973339334,0.4910996764343024,0.49500050011725943
cvar,500,50,15128123,0.5,0.5,0.003,0.02,0.01,0.5,2000,23,0.01,100,100,full_batch,0,200,200,True,nan,nan,stagnation,,0.2640095260973956,0.0348505149350857,0.053802610362434056,0.04367108783496765,0.053802610362434056,0.4911004998764509,0.4950008123848571
cvar,500,50,15128123,0.5,0.5,0.003,0.02,0.01,0.5,2000,23,0.01,100,100,full_batch,0,300,300,True,nan,nan,stagnation,,0.2639967649823799,0.034847145960580965,0.0538001912499817,0.04366822219955718,0.0538001912499817,0.4911011321159413,0.49500105217328033
cvar,500,50,15128123,0.5,0.5,0.003,0.02,0.01,0.5,2000,23,0.01,100,100,full_batch,0,400,400,True,nan,nan,stagnation,,0.26398600468786276,0.03484430533553015,0.053798151396950544,0.043665805934558655,0.053798151396950544,0.49110166522276305,0.49500125438345405
cvar,500,50,15128123,0.5,0.5,0.003,0.02,0.01,0.5,2000,23,0.01,100,100,full_batch,0,500,500,True,nan,nan,stagnation,,0.26397652392261944,0.03484180259113464,0.05379635408122396,0.04366367704291724,0.05379635408122396,0.49110213493401883,0.49500143256223034
cvar,500,50,15128123,0.5,0.5,0.003,0.02,0.01,0.5,2000,23,0.01,100,100,minibatch,0,0,0,True,nan,nan,stagnation,,0.2689599165325307,0.03616971835059294,0.053812909281679255,0.043683273379414134,0.053812909281679255,0.4933989350088295,0.49834732256494835
cvar,500,50,15128123,0.5,0.5,0.003,0.02,0.01,0.5,2000,23,0.01,100,100,minibatch,0,100,100,True,nan,nan,stagnation,,0.2640334259508299,0.034856825009666186,0.05380570676300228,0.043674741080885704,0.05380570676300228,0.490958634368409,0.4949314038099797
cvar,500,50,15128123,0.5,0.5,0.003,0.02,0.01,0.5,2000,23,0.01,100,100,minibatch,0,200,200,True,nan,nan,stagnation,,0.2640414598758407,0.0348589462666826,0.05380257511065817,0.04367101675424023,0.05380257511065817,0.49141698915317633,0.49491407406620685
cvar,500,50,15128123,0.5,0.5,0.003,0.02,0.01,0.5,2000,23,0.01,100,100,minibatch,0,300,300,True,nan,nan,stagnation,,0.26404356977962384,0.03485950337098354,0.05380019424552934,0.04366814368013905,0.05380019424552934,0.4912682054003637,0.4953606194494428
cvar,500,50,15128123,0.5,0.5,0.003,0.02,0.01,0.5,2000,23,0.01,100,100,minibatch,0,400,400,True,nan,nan,stagnation,,0.26399716196129586,0.03484725076180934,0.0537981650653353,0.04366570911822909,0.0537981650653353,0.49126307051502754,0.4951092718190951
cvar,500,50,15128123,0.5,0.5,0.003,0.02,0.01,0.5,2000,23,0.01,100,100,minibatch,0,500,500,True,nan,nan,stagnation,,0.26398617661079127,0.034844350720791936,0.05379634639618186,0.04366357714397262,0.05379634639618186,0.4909984511724386,0.49514916244778656
cvar,500,50,15128123,0.5,0.5,0.003,0.02,0.1,0.5,2000,23,0.01,100,100,full_batch,0,0,0,True,nan,nan,stagnation,,0.2689599165325307,0.03616971835059294,0.053812909281679255,0.043683273379414134,0.053812909281679255,0.4933989350088295,0.49834732256494835
cvar,500,50,15128123,0.5,0.5,0.003,0.02,0.1,0.5,2000,23,0.01,100,100,full_batch,0,100,100,True,nan,nan,stagnation,,0.2636913717451498,0.03476656976641939,0.05375179535874658,0.043587501639484105,0.05375179535874658,0.49111825280279303,0.4950045825706852
cvar,500,50,15128123,0.5,0.5,0.003,0.02,0.1,0.5,2000,23,0.01,100,100,full_batch,0,200,200,True,nan,nan,stagnation,,0.2635257661247511,0.03472291470581851,0.05372035813771203,0.04355042443482793,0.05372035813771203,0.4911264895758391,0.4950076563962632
cvar,500,50,15128123,0.5,0.5,0.003,0.02,0.1,0.5,2000,23,0.01,100,100,full_batch,0,300,300,True,nan,nan,stagnation,,0.2633987494351442,0.034689450601998933,0.05369624160268638,0.04352198983564748,0.05369624160268638,0.49113277748280226,0.49501005992417524
cvar,500,50,15128123,0.5,0.5,0.003,0.02,0.1,0.5,2000,23,0.01,100,100,full_batch,0,400,400,True,nan,nan,stagnation,,0.2632917395733975,0.03466127006379289,0.05367592061239712,0.04349804418942338,0.05367592061239712,0.49113807459828823,0.49501208655620954
cvar,500,50,15128123,0.5,0.5,0.003,0.02,0.1,0.5,2000,23,0.01,100,100,full_batch,0,500,500,True,nan,nan,stagnation,,0.2631975239221294,0.03463646829936994,0.05365806152624042,0.043476994693475435,0.05365806152624042,0.4911427381102185,0.49501387214785253
cvar,500,50,15128123,0.5,0.5,0.003,0.02,0.1,0.5,2000,23,0.01,100,100,minibatch,0,0,0,True,nan,nan,stagnation,,0.2689599165325307,0.03616971835059294,0.053812909281679255,0.043683273379414134,0.053812909281679255,0.4933989350088295,0.49834732256494835
cvar,500,50,15128123,0.5,0.5,0.003,0.02,0.1,0.5,2000,23,0.01,100,100,minibatch,0,100,100,True,nan,nan,stagnation,,0.2646137916482435,0.03501022936523001,0.05374403704139574,0.043594067946147175,0.05374403704139574,0.4893482701307534,0.49487583085000963
cvar,500,50,15128123,0.5,0.5,0.003,0.02,0.1,0.5,2000,23,0.01,100,100,minibatch,0,200,200,True,nan,nan,stagnation,,0.2646958416430221,0.03503194429155392,0.05371287660058999,0.04355694406790628,0.05371287660058999,0.4929179791773329,0.4958648823364799
cvar,500,50,15128123,0.5,0.5,0.003,0.02,0.1,0.5,2000,23,0.01,100,100,minibatch,0,300,300,True,nan,nan,stagnation,,0.2638187685406404,0.03480017131715,0.05368901805681703,0.04352849166390016,0.05368901805681703,0.4922736630405388,0.49535893554567517
cvar,500,50,15128123,0.5,0.5,0.003,0.02,0.1,0.5,2000,23,0.01,100,100,minibatch,0,400,400,True,nan,nan,stagnation,,0.26347894275719425,0.03471057663822442,0.05366884344744943,0.04350430300246,0.05366884344744943,0.4918651260028729,0.4946765003719794
cvar,500,50,15128123,0.5,0.5,0.003,0.02,0.1,0.5,2000,23,0.01,100,100,minibatch,0,500,500,True,nan,nan,stagnation,,0.2634434390515982,0.03470122278966657,0.05365078578731697,0.04348326766324628,0.05365078578731697,0.4909531427318175,0.4959093449981921
cvar,500,50,15128123,0.5,0.5,0.003,0.02,1.0,0.5,2000,23,0.01,100,100,full_batch,0,0,0,True,nan,nan,stagnation,,0.2689599165325307,0.03616971835059294,0.053812909281679255,0.043683273379414134,0.053812909281679255,0.4933989350088295,0.49834732256494835
cvar,500,50,15128123,0.5,0.5,0.003,0.02,1.0,0.5,2000,23,0.01,100,100,full_batch,0,100,100,True,nan,nan,stagnation,,0.719664978415808,0.2589588405791127,0.053581506407762436,0.04341848845658963,0.053581506407762436,0.13136397018776255,-0.03385889375245421
cvar,500,50,15128123,0.5,0.5,0.003,0.02,1.0,0.5,2000,23,0.01,100,100,full_batch,0,200,200,True,nan,nan,stagnation,,0.7196209098271881,0.258927126930255,0.05349632739162219,0.04332041750887944,0.05349632739162219,0.13136678391921114,-0.03385889319117833
cvar,500,50,15128123,0.5,0.5,0.003,0.02,1.0,0.5,2000,23,0.01,100,100,full_batch,0,300,300,True,nan,nan,stagnation,,0.7195872366648688,0.25890289558549096,0.05343103787889003,0.04324536945619872,0.05343103787889003,0.13136894342615163,-0.0338588927601574
cvar,500,50,15128123,0.5,0.5,0.003,0.02,1.0,0.5,2000,23,0.01,100,100,full_batch,0,400,400,True,nan,nan,stagnation,,0.7195589522837841,0.25888254290586854,0.05337621646836366,0.043182495086233674,0.05337621646836366,0.13137076374037618,-0.03385889239666972
cvar,500,50,15128123,0.5,0.5,0.003,0.02,1.0,0.5,2000,23,0.01,100,100,full_batch,0,500,500,True,nan,nan,stagnation,,0.7195341134789763,0.2588646702299882,0.05332796863338418,0.04312731282276405,0.05332796863338418,0.13137236714153788,-0.03385889207636978
cvar,500,50,15128123,0.5,0.5,0.003,0.02,1.0,0.5,2000,23,0.01,100,100,full_batch,0,600,600,True,nan,nan,stagnation,,0.7195117227644932,0.2588485595977644,0.05328439212639552,0.043077523820738595,0.05328439212639552,0.13137381640197587,-0.03385889178675974
cvar,500,50,15128123,0.5,0.5,0.003,0.02,1.0,0.5,2000,23,0.01,100,100,full_batch,0,700,700,True,nan,nan,stagnation,,0.7194911872882455,0.2588337842927246,0.05324436825269929,0.043031834383531475,0.05324436825269929,0.131375148832355,-0.0338588915204111
cvar,500,50,15128123,0.5,0.5,0.003,0.02,1.0,0.5,2000,23,0.01,100,100,minibatch,0,0,0,True,nan,nan,stagnation,,0.2689599165325307,0.03616971835059294,0.053812909281679255,0.043683273379414134,0.053812909281679255,0.4933989350088295,0.49834732256494835
cvar,500,50,15128123,0.5,0.5,0.003,0.02,1.0,0.5,2000,23,0.01,100,100,minibatch,0,100,100,True,nan,nan,stagnation,,0.7196644842005964,0.25895848490985524,0.05357920530601834,0.04341074219908336,0.05357920530601834,0.041056853440277055,-0.1291241214167008
cvar,500,50,15128123,0.5,0.5,0.003,0.02,1.0,0.5,2000,23,0.01,100,100,minibatch,0,200,200,True,nan,nan,stagnation,,0.7196204156944698,0.25892677134214076,0.05349403238101064,0.04331269028079643,0.05349403238101064,0.04105688411445056,-0.12912412141195548
cvar,500,50,15128123,0.5,0.5,0.003,0.02,1.0,0.5,2000,23,0.01,100,100,minibatch,0,300,300,True,nan,nan,stagnation,,0.7195867426266347,0.2589025400820053,0.05342875201482733,0.04323766091126002,0.05342875201482733,0.041056907584542744,-0.129124121408276
cvar,500,50,15128123,0.5,0.5,0.003,0.02,1.0,0.5,2000,23,0.01,100,100,minibatch,0,400,400,True,nan,nan,stagnation,,0.7195584583460035,0.2588821874886386,0.05337392819642478,0.043174807534958615,0.05337392819642478,0.04105692741934173,-0.12912412140516852
cvar,500,50,15128123,0.5,0.5,0.003,0.02,1.0,0.5,2000,23,0.01,100,100,minibatch,0,500,500,True,nan,nan,stagnation,,0.7195336196453143,0.2588643148999439,0.05332567825494772,0.04311964104638466,0.05332567825494772,0.041056944966075835,-0.12912412140245416
cvar,500,50,15128123,0.5,0.5,0.003,0.02,1.0,0.5,2000,23,0.01,100,100,minibatch,0,600,600,True,nan,nan,stagnation,,0.7195112290374509,0.25884820435549155,0.05328209985544263,0.04306986625473769,0.05328209985544263,0.04105696095759477,-0.1291241213999747
cvar,500,50,15128123,0.5,0.5,0.003,0.02,1.0,0.5,2000,23,0.01,100,100,minibatch,0,700,700,True,nan,nan,stagnation,,0.7194906936696389,0.2588334291386091,0.05324207601920561,0.04302418422030002,0.05324207601920561,0.04105697562129654,-0.12912412139770824
cvar,500,50,15128123,0.5,0.5,0.003,0.002,0.001,0.5,2000,23,0.01,100,100,full_batch,0,0,0,True,nan,nan,stagnation,,0.26841497294615796,0.036023298850843356,0.053812909281679255,0.043683273379414134,0.053812909281679255,0.4933989350088295,0.49834732256494835
cvar,500,50,15128123,0.5,0.5,0.003,0.002,0.001,0.5,2000,23,0.01,100,100,full_batch,0,100,100,True,nan,nan,stagnation,,0.26394795849672437,0.034834262397294265,0.05381219006154747,0.04368243395622651,0.05381219006154747,0.4930998610523698,0.49776501052662997
cvar,500,50,15128123,0.5,0.5,0.003,0.002,0.001,0.5,2000,23,0.01,100,100,full_batch,0,200,200,True,nan,nan,stagnation,,0.26394628699490036,0.034833821209197154,0.05381187701005341,0.04368206073147696,0.05381187701005341,0.49309992213196024,0.4977650155315043
cvar,500,50,15128123,0.5,0.5,0.003,0.002,0.001,0.5,2000,23,0.01,100,100,full_batch,0,300,300,True,nan,nan,stagnation,,0.2639450034644504,0.03483348242692436,0.05381163662028532,0.04368177413690777,0.05381163662028532,0.4930999690345111,0.4977650193749421
cvar,500,50,15128123,0.5,0.5,0.003,0.002,0.001,0.5,2000,23,0.01,100,100,full_batch,0,400,400,True,nan,nan,stagnation,,0.263943921085242,0.03483319673892623,0.053811433903390216,0.04368153245742534,0.053811433903390216,0.49310000858670233,0.4977650226162107
cvar,500,50,15128123,0.5,0.5,0.003,0.002,0.001,0.5,2000,23,0.01,100,100,full_batch,0,500,500,True,nan,nan,stagnation,,0.2639429673427434,0.03483294500484626,0.05381125527838976,0.043681319501250204,0.05381125527838976,0.49310004343832053,0.49776502547239043
cvar,500,50,15128123,0.5,0.5,0.003,0.002,0.001,0.5,2000,23,0.01,100,100,minibatch,0,0,0,True,nan,nan,stagnation,,0.26841497294615796,0.036023298850843356,0.053812909281679255,0.043683273379414134,0.053812909281679255,0.4933989350088295,0.49834732256494835
cvar,500,50,15128123,0.5,0.5,0.003,0.002,0.001,0.5,2000,23,0.01,100,100,minibatch,0,100,100,True,nan,nan,stagnation,,0.26574355203466415,0.03530981772400013,0.05381230699235667,0.04368232489246332,0.05381230699235667,0.49269618923688135,0.49768994058982
cvar,500,50,15128123,0.5,0.5,0.003,0.002,0.001,0.5,2000,23,0.01,100,100,minibatch,0,200,200,True,nan,nan,stagnation,,0.2725593519983773,0.037144300180887664,0.05381200411735809,0.04368199665609451,0.05381200411735809,0.4939518338230444,0.49747073929445595
cvar,500,50,15128123,0.5,0.5,0.003,0.002,0.001,0.5,2000,23,0.01,100,100,minibatch,0,300,300,True,nan,nan,stagnation,,0.26772353867649223,0.03583794658073162,0.05381179697482852,0.04368169982203385,0.05381179697482852,0.4935613085153225,0.4981446061585998
cvar,500,50,15128123,0.5,0.5,0.003,0.002,0.001,0.5,2000,23,0.01,100,100,minibatch,0,400,400,True,nan,nan,stagnation,,0.2644982352898206,0.034979658235714646,0.05381160969562726,0.04368143349716269,0.05381160969562726,0.4933165565953273,0.49769734270331223
cvar,500,50,15128123,0.5,0.5,0.003,0.002,0.001,0.5,2000,23,0.01,100,100,minibatch,0,500,500,True,nan,nan,stagnation,,0.2668481313841536,0.03560396261160725,0.0538114344356353,0.043681228300730846,0.0538114344356353,0.4931629283506238,0.49829090258468534
cvar,500,50,15128123,0.5,0.5,0.003,0.002,0.01,0.5,2000,23,0.01,100,100,full_batch,0,0,0,True,nan,nan,stagnation,,0.26841497294615796,0.036023298850843356,0.053812909281679255,0.043683273379414134,0.053812909281679255,0.4933989350088295,0.49834732256494835
cvar,500,50,15128123,0.5,0.5,0.003,0.002,0.01,0.5,2000,23,0.01,100,100,full_batch,0,100,100,True,nan,nan,stagnation,,0.759398774711515,0.2883432495166751,0.05381080330273347,0.04366738883197363,0.05381080330273347,0.5420311906591736,0.46630331506860884
cvar,500,50,15128123,0.5,0.5,0.003,0.002,0.01,0.5,2000,23,0.01,100,100,full_batch,0,200,200,True,nan,nan,stagnation,,0.7593846833017384,0.28833254861664076,0.0538106843693707,0.04365854882463405,0.0538106843693707,0.5420311868471136,0.4663196942237271
cvar,500,50,15128123,0.5,0.5,0.003,0.002,0.01,0.5,2000,23,0.01,100,100,full_batch,0,300,300,True,nan,nan,stagnation,,0.7593738696191785,0.2883243369302026,0.053810592603198315,0.04365176959449635,0.053810592603198315,0.5420311839185379,0.46633236661344457
cvar,500,50,15128123,0.5,0.5,0.003,0.002,0.01,0.5,2000,23,0.01,100,100,full_batch,0,400,400,True,nan,nan,stagnation,,0.7593647553305666,0.2883174158191256,0.05381051492282496,0.04364605446537856,0.05381051492282496,0.5420311814480211,0.466343117996784
cvar,500,50,15128123,0.5,0.5,0.003,0.002,0.01,0.5,2000,23,0.01,100,100,full_batch,0,500,500,True,nan,nan,stagnation,,0.7593567278045232,0.2883113200309964,0.05381044625060133,0.04364101983023877,0.05381044625060133,0.5420311792704342,0.4663526414326712
cvar,500,50,15128123,0.5,0.5,0.003,0.002,0.01,0.5,2000,23,0.01,100,100,minibatch,0,0,0,True,nan,nan,stagnation,,0.26841497294615796,0.036023298850843356,0.053812909281679255,0.043683273379414134,0.053812909281679255,0.4933989350088295,0.49834732256494835
cvar,500,50,15128123,0.5,0.5,0.003,0.002,0.01,0.5,2000,23,0.01,100,100,minibatch,0,100,100,True,nan,nan,stagnation,,0.719780815663265,0.2590422112984376,0.05380987890892852,0.043679398523111757,0.05380987890892852,0.44438287737940574,0.42531939505829724
cvar,500,50,15128123,0.5,0.5,0.003,0.002,0.01,0.5,2000,23,0.01,100,100,minibatch,0,200,200,True,nan,nan,stagnation,,0.719780367184177,0.25904188849189436,0.05380900822468787,0.04367840050873589,0.05380900822468787,0.44438288164380907,0.42531939505831523
cvar,500,50,15128123,0.5,0.5,0.003,0.002,0.01,0.5,2000,23,0.01,100,100,minibatch,0,300,300,True,nan,nan,stagnation,,0.7197800228145647,0.2590416406214676,0.05380833964800974,0.04367763416557702,0.05380833964800974,0.4443828843091319,0.42531939505833055
cvar,500,50,15128123,0.5,0.5,0.003,0.002,0.01,0.5,2000,23,0.01,100,100,minibatch,0,400,400,True,nan,nan,stagnation,,0.7197797324225165,0.2590414316031147,0.05380777585788388,0.043676987936836,0.05380777585788388,0.44438288666751774,0.42531939505834415
cvar,500,50,15128123,0.5,0.5,0.003,0.002,0.01,0.5,2000,23,0.01,100,100,minibatch,0,500,500,True,nan,nan,stagnation,,0.7197794765492512,0.25904124743075707,0.053807279079010784,0.043676418521561455,0.053807279079010784,0.4443828890850496,0.4253193950583555
cvar,500,50,15128123,0.5,0.5,0.003,0.002,0.1,0.5,2000,23,0.01,100,100,full_batch,0,0,0,True,nan,nan,stagnation,,0.26841497294615796,0.036023298850843356,0.053812909281679255,0.043683273379414134,0.053812909281679255,0.4933989350088295,0.49834732256494835
cvar,500,50,15128123,0.5,0.5,0.003,0.002,0.1,0.5,2000,23,0.01,100,100,full_batch,0,100,100,True,nan,nan,stagnation,,0.7197699327610267,0.25903437805340646,0.05378557783124327,0.04365477689031072,0.05378557783124327,0.32208388783853126,0.17756342949319454
cvar,500,50,15128123,0.5,0.5,0.003,0.002,0.1,0.5,2000,23,0.01,100,100,full_batch,0,200,200,True,nan,nan,stagnation,,0.7197654553906285,0.2590311553868394,0.05377688212863496,0.04364483311399847,0.05377688212863496,0.32208388783853126,0.17756342949319454
cvar,500,50,15128123,0.5,0.5,0.003,0.002,0.1,0.5,2000,23,0.01,100,100,full_batch,0,300,300,True,nan,nan,stagnation,,0.7197620189451293,0.2590286819579843,0.05377020684138761,0.04363719993936821,0.05377020684138761,0.32208388783853126,0.17756342949319454
cvar,500,50,15128123,0.5,0.5,0.003,0.002,0.1,0.5,2000,23,0.01,100,100,full_batch,0,400,400,True,nan,nan,stagnation,,0.7197591221859766,0.2590265969849638,0.05376457907671395,0.043630764737982,0.05376457907671395,0.32208388783853126,0.17756342949319454
cvar,500,50,15128123,0.5,0.5,0.003,0.002,0.1,0.5,2000,23,0.01,100,100,full_batch,0,500,500,True,nan,nan,stagnation,,0.7197565705568627,0.25902476042988803,0.0537596212049799,0.043625095641951106,0.0537596212049799,0.32208388783853126,0.17756342949319454
cvar,500,50,15128123,0.5,0.5,0.003,0.002,0.1,0.5,2000,23,0.01,100,100,minibatch,0,0,0,True,nan,nan,stagnation,,0.26841497294615796,0.036023298850843356,0.053812909281679255,0.043683273379414134,0.053812909281679255,0.4933989350088295,0.49834732256494835
cvar,500,50,15128123,0.5,0.5,0.003,0.002,0.1,0.5,2000,23,0.01,100,100,minibatch,0,100,100,True,nan,nan,stagnation,,0.7197682753077472,0.2590331850697445,0.053782627759185686,0.04364460689405719,0.053782627759185686,0.0032382772143453036,-0.231931952502043
cvar,500,50,15128123,0.5,0.5,0.003,0.002,0.1,0.5,2000,23,0.01,100,100,minibatch,0,200,200,True,nan,nan,stagnation,,0.7197637989328195,0.2590299631271021,0.053773934566562376,0.04363466391190951,0.053773934566562376,0.0032382772143453036,-0.231931952502043
cvar,500,50,15128123,0.5,0.5,0.003,0.002,0.1,0.5,2000,23,0.01,100,100,minibatch,0,300,300,True,nan,nan,stagnation,,0.7197603632519705,0.2590274902543042,0.053767261206331185,0.04362703134807344,0.053767261206331185,0.0032382772143453036,-0.231931952502043
cvar,500,50,15128123,0.5,0.5,0.003,0.002,0.1,0.5,2000,23,0.01,100,100,minibatch,0,400,400,True,nan,nan,stagnation,,0.7197574671377936,0.259025405750306,0.053761635066423064,0.04362059666240814,0.053761635066423064,0.0032382772143453036,-0.231931952502043
cvar,500,50,15128123,0.5,0.5,0.003,0.002,0.1,0.5,2000,23,0.01,100,100,minibatch,0,500,500,True,nan,nan,stagnation,,0.7197549160771233,0.2590235696085934,0.05375667862616418,0.04361492802129807,0.05375667862616418,0.0032382772143453036,-0.231931952502043
cvar,500,50,15128123,0.5,0.5,0.003,0.002,1.0,0.5,2000,23,0.01,100,100,full_batch,0,0,0,True,nan,nan,stagnation,,0.26841497294615796,0.036023298850843356,0.053812909281679255,0.043683273379414134,0.053812909281679255,0.4933989350088295,0.49834732256494835
cvar,500,50,15128123,0.5,0.5,0.003,0.002,1.0,0.5,2000,23,0.01,100,100,full_batch,0,100,100,True,nan,nan,stagnation,,0.7196603646238174,0.25895552020524293,0.053542584329055065,0.04339998576500559,0.053542584329055065,-1.2197515366941527,-2.7094916081525895
cvar,500,50,15128123,0.5,0.5,0.003,0.002,1.0,0.5,2000,23,0.01,100,100,full_batch,0,200,200,True,nan,nan,stagnation,,0.7196163319494951,0.25892383260422297,0.0534576080294481,0.043301901579704705,0.0534576080294481,-1.2197515366941527,-2.7094916081525895
cvar,500,50,15128123,0.5,0.5,0.003,0.002,1.0,0.5,2000,23,0.01,100,100,full_batch,0,300,300,True,nan,nan,stagnation,,0.7195826865352134,0.2588996213806176,0.05339253871890587,0.04322698019068555,0.05339253871890587,-1.2197515366941527,-2.7094916081525895
cvar,500,50,15128123,0.5,0.5,0.003,0.002,1.0,0.5,2000,23,0.01,100,100,full_batch,0,400,400,True,nan,nan,stagnation,,0.7195544256628089,0.2588792857454674,0.05333781129798004,0.04316417892789204,0.05333781129798004,-1.2197515366941527,-2.7094916081525895
cvar,500,50,15128123,0.5,0.5,0.003,0.002,1.0,0.5,2000,23,0.01,100,100,full_batch,0,500,500,True,nan,nan,stagnation,,0.7195296076523223,0.2588614281441525,0.05328964619528931,0.04310897200435726,0.05328964619528931,-1.2197515366941527,-2.7094916081525895
cvar,500,50,15128123,0.5,0.5,0.003,0.002,1.0,0.5,2000,23,0.01,100,100,full_batch,0,600,600,True,nan,nan,stagnation,,0.7195072358010348,0.25884533118502295,0.053246148717297326,0.043059198641714036,0.053246148717297326,-1.2197515366941527,-2.7094916081525895
cvar,500,50,15128123,0.5,0.5,0.003,0.002,1.0,0.5,2000,23,0.01,100,100,full_batch,0,700,700,True,nan,nan,stagnation,,0.719486717722612,0.25883056848962877,0.05320620005607685,0.043013602820158314,0.05320620005607685,-1.2197515366941527,-2.7094916081525895
cvar,500,50,15128123,0.5,0.5,0.003,0.002,1.0,0.5,2000,23,0.01,100,100,minibatch,0,0,0,True,nan,nan,stagnation,,0.26841497294615796,0.036023298850843356,0.053812909281679255,0.043683273379414134,0.053812909281679255,0.4933989350088295,0.49834732256494835
cvar,500,50,15128123,0.5,0.5,0.003,0.002,1.0,0.5,2000,23,0.01,100,100,minibatch,0,100,100,True,nan,nan,stagnation,,0.7196443959848412,0.25894402833619345,0.05351459327347413,0.043298317857562774,0.05351459327347413,-4.408207642936012,-6.804445428104965
cvar,500,50,15128123,0.5,0.5,0.003,0.002,1.0,0.5,2000,23,0.01,100,100,minibatch,0,200,200,True,nan,nan,stagnation,,0.7196004603476194,0.25891241126625286,0.0534298266770738,0.0432004969587676,0.0534298266770738,-4.408207642936012,-6.804445428104965
cvar,500,50,15128123,0.5,0.5,0.003,0.002,1.0,0.5,2000,23,0.01,100,100,minibatch,0,300,300,True,nan,nan,stagnation,,0.7195668896745029,0.2588882543579191,0.053364951409231476,0.043125830421991695,0.053364951409231476,-4.408207642936012,-6.804445428104965
cvar,500,50,15128123,0.5,0.5,0.003,0.002,1.0,0.5,2000,23,0.01,100,100,minibatch,0,400,400,True,nan,nan,stagnation,,0.7195386919760711,0.2588679646253177,0.05331034611537222,0.043063162880514205,0.05331034611537222,-4.408207642936012,-6.804445428104965
cvar,500,50,15128123,0.5,0.5,0.003,0.002,1.0,0.5,2000,23,0.01,100,100,minibatch,0,500,500,True,nan,nan,stagnation,,0.7195139297377895,0.25885014754335833,0.05326229980207042,0.04300808092020714,0.05326229980207042,-4.408207642936012,-6.804445428104965
cvar,500,50,15128123,0.5,0.5,0.003,0.002,1.0,0.5,2000,23,0.01,100,100,minibatch,0,600,600,True,nan,nan,stagnation,,0.7194916083957764,0.2588340872759706,0.053219331073878606,0.042958659343179106,0.053219331073878606,-4.408207642936012,-6.804445428104965
cvar,500,50,15128123,0.5,0.5,0.003,0.002,1.0,0.5,2000,23,0.01,100,100,minibatch,0,700,700,True,nan,nan,stagnation,,0.71947113683528,0.2588193583695251,0.05317990993815391,0.042913310811537264,0.05317990993815391,-4.408207642936012,-6.804445428104965
cvar,500,50,15128123,0.5,0.5,0.001,0.02,0.001,0.5,2000,23,0.01,100,100,full_batch,0,0,0,True,nan,nan,stagnation,,0.2689599165325307,0.03616971835059294,0.053812909281679255,0.043683273379414134,0.053812909281679255,0.4933989350088295,0.49834732256494835
cvar,500,50,15128123,0.5,0.5,0.001,0.02,0.001,0.5,2000,23,0.01,100,100,full_batch,0,100,100,True,nan,nan,stagnation,,0.2640720231056985,0.03486701669356828,0.053812146213574386,0.04368238209457609,0.053812146213574386,0.4912144790136735,0.4951655974411707
cvar,500,50,15128123,0.5,0.5,0.001,0.02,0.001,0.5,2000,23,0.01,100,100,full_batch,0,200,200,True,nan,nan,stagnation,,0.2640590508598076,0.034863591170491225,0.053811831578531255,0.04368200889019147,0.053811831578531255,0.4911297194396616,0.4950446124034658
cvar,500,50,15128123,0.5,0.5,0.001,0.02,0.001,0.5,2000,23,0.01,100,100,full_batch,0,300,300,True,nan,nan,stagnation,,0.26405700357846307,0.03486305056941823,0.05381159119434764,0.04368172350423083,0.05381159119434764,0.49110978296179014,0.4950162802813507
cvar,500,50,15128123,0.5,0.5,0.001,0.02,0.001,0.5,2000,23,0.01,100,100,full_batch,0,400,400,True,nan,nan,stagnation,,0.26405583061872084,0.0348627408418713,0.053811388756366596,0.04368148311479403,0.053811388756366596,0.4911031979627585,0.4950069298331872
cvar,500,50,15128123,0.5,0.5,0.001,0.02,0.001,0.5,2000,23,0.01,100,100,full_batch,0,500,500,True,nan,nan,stagnation,,0.2640548663141821,0.034862486212100294,0.053811210462725745,0.043681271380605735,0.053811210462725745,0.49110060977948167,0.49500324119380223
cvar,500,50,15128123,0.5,0.5,0.001,0.02,0.001,0.5,2000,23,0.01,100,100,minibatch,0,0,0,True,nan,nan,stagnation,,0.2689599165325307,0.03616971835059294,0.053812909281679255,0.043683273379414134,0.053812909281679255,0.4933989350088295,0.49834732256494835
cvar,500,50,15128123,0.5,0.5,0.001,0.02,0.001,0.5,2000,23,0.01,100,100,minibatch,0,100,100,True,nan,nan,stagnation,,0.2640860684681806,0.03487072577949029,0.05381214531681244,0.04368237081827275,0.05381214531681244,0.4911999778621871,0.49527871145745617
cvar,500,50,15128123,0.5,0.5,0.001,0.02,0.001,0.5,2000,23,0.01,100,100,minibatch,0,200,200,True,nan,nan,stagnation,,0.2640594048717544,0.034863684650612556,0.053811829303889946,0.04368199892358582,0.053811829303889946,0.4911506962801428,0.49503785040051856
cvar,500,50,15128123,0.5,0.5,0.001,0.02,0.001,0.5,2000,23,0.01,100,100,minibatch,0,300,300,True,nan,nan,stagnation,,0.26405865803968753,0.034863487442860316,0.053811593056706464,0.04368171304404239,0.053811593056706464,0.4911268450151839,0.49507165812640735
cvar,500,50,15128123,0.5,0.5,0.001,0.02,0.001,0.5,2000,23,0.01,100,100,minibatch,0,400,400,True,nan,nan,stagnation,,0.2640577423368657,0.034863245644021275,0.05381138921516859,0.043681473453681674,0.05381138921516859,0.4911764173228943,0.49497933157420065
cvar,500,50,15128123,0.5,0.5,0.001,0.02,0.001,0.5,2000,23,0.01,100,100,minibatch,0,500,500,True,nan,nan,stagnation,,0.26405486135880146,0.03486248490360793,0.05381120999420386,0.04368125939785533,0.05381120999420386,0.49109636863267125,0.49499592138564963
cvar,500,50,15128123,0.5,0.5,0.001,0.02,0.01,0.5,2000,23,0.01,100,100,full_batch,0,0,0,True,nan,nan,stagnation,,0.2689599165325307,0.03616971835059294,0.053812909281679255,0.043683273379414134,0.053812909281679255,0.4933989350088295,0.49834732256494835
cvar,500,50,15128123,0.5,0.5,0.001,0.02,0.01,0.5,2000,23,0.01,100,100,full_batch,0,100,100,True,nan,nan,stagnation,,0.26402623968867833,0.03485492762207171,0.05380582407127987,0.04367487497805067,0.05380582407127987,0.4910994803941356,0.4950001862210507
cvar,500,50,15128123,0.5,0.5,0.001,0.02,0.01,0.5,2000,23,0.01,100,100,full_batch,0,200,200,True,nan,nan,stagnation,,0.2640096471187004,0.03485054688587035,0.053802701417515475,0.043671167007934164,0.053802701417515475,0.49110021376712276,0.4950003543677907
cvar,500,50,15128123,0.5,0.5,0.001,0.02,0.01,0.5,2000,23,0.01,100,100,full_batch,0,300,300,True,nan,nan,stagnation,,0.26399690728876457,0.03484718352901628,0.053800303763406554,0.04366832010829047,0.053800303763406554,0.49110077686203735,0.49500048350668047
cvar,500,50,15128123,0.5,0.5,0.001,0.02,0.01,0.5,2000,23,0.01,100,100,full_batch,0,400,400,True,nan,nan,stagnation,,0.2639861649855119,0.03484434765187896,0.053798281999290265,0.04366591964698763,0.053798281999290265,0.49110125167302854,0.49500059242116606
cvar,500,50,15128123,0.5,0.5,0.001,0.02,0.01,0.5,2000,23,0.01,100,100,full_batch,0,500,500,True,nan,nan,stagnation,,0.26397670010510405,0.03484184909919002,0.05379650061772012,0.043663804683972796,0.05379650061772012,0.491101670026247,0.49500068840207756
cvar,500,50,15128123,0.5,0.5,0.001,0.02,0.01,0.5,2000,23,0.01,100,100,minibatch,0,0,0,True,nan,nan,stagnation,,0.2689599165325307,0.03616971835059294,0.053812909281679255,0.043683273379414134,0.053812909281679255,0.4933989350088295,0.49834732256494835
cvar,500,50,15128123,0.5,0.5,0.001,0.02,0.01,0.5,2000,23,0.01,100,100,minibatch,0,100,100,True,nan,nan,stagnation,,0.26403352066131247,0.03485685001640386,0.05380577175976231,0.04367479982724787,0.05380577175976231,0.4909584386778804,0.49493108769759714
cvar,500,50,15128123,0.5,0.5,0.001,0.02,0.01,0.5,2000,23,0.01,100,100,minibatch,0,200,200,True,nan,nan,stagnation,,0.2640415822851088,0.034858978587811944,0.053802669306765805,0.04367110067013913,0.053802669306765805,0.491416703518836,0.49491362441495296
cvar,500,50,15128123,0.5,0.5,0.001,0.02,0.01,0.5,2000,23,0.01,100,100,minibatch,0,300,300,True,nan,nan,stagnation,,0.2640437122845402,0.03485954099850053,0.05380031021251863,0.04366824644982159,0.05380031021251863,0.49126784823687025,0.4953600531899323
cvar,500,50,15128123,0.5,0.5,0.001,0.02,0.01,0.5,2000,23,0.01,100,100,minibatch,0,400,400,True,nan,nan,stagnation,,0.2639973226484736,0.03484729318278113,0.053798299261332505,0.04366582767546734,0.053798299261332505,0.49126264903447153,0.49510860837550424
cvar,500,50,15128123,0.5,0.5,0.001,0.02,0.01,0.5,2000,23,0.01,100,100,minibatch,0,500,500,True,nan,nan,stagnation,,0.26398635367520373,0.03484439746336487,0.05379649685233556,0.04366370967095201,0.05379649685233556,0.49099798842225534,0.49514841464907466
cvar,500,50,15128123,0.5,0.5,0.001,0.02,0.1,0.5,2000,23,0.01,100,100,full_batch,0,0,0,True,nan,nan,stagnation,,0.2689599165325307,0.03616971835059294,0.053812909281679255,0.043683273379414134,0.053812909281679255,0.4933989350088295,0.49834732256494835
cvar,500,50,15128123,0.5,0.5,0.001,0.02,0.1,0.5,2000,23,0.01,100,100,full_batch,0,100,100,True,nan,nan,stagnation,,0.26369199691976414,0.03476673461976645,0.05375201288915493,0.04358849318814273,0.05375201288915493,0.4911161761689232,0.49500153505636657
cvar,500,50,15128123,0.5,0.5,0.001,0.02,0.1,0.5,2000,23,0.01,100,100,full_batch,0,200,200,True,nan,nan,stagnation,,0.2635266904147267,0.0347231582804696,0.05372085341985988,0.043551653658941425,0.05372085341985988,0.49112344425215004,0.49500328717228426
cvar,500,50,15128123,0.5,0.5,0.001,0.02,0.1,0.5,2000,23,0.01,100,100,full_batch,0,300,300,True,nan,nan,stagnation,,0.26339990941900143,0.03468975614096908,0.05369694916382439,0.0435234026022886,0.05369694916382439,0.4911290483269178,0.49500459090825866
cvar,500,50,15128123,0.5,0.5,0.001,0.02,0.1,0.5,2000,23,0.01,100,100,full_batch,0,400,400,True,nan,nan,stagnation,,0.2632931023331076,0.034661628868096137,0.05367680650800877,0.043499604299055306,0.05367680650800877,0.4911337700574377,0.49500569148882706
cvar,500,50,15128123,0.5,0.5,0.001,0.02,0.1,0.5,2000,23,0.01,100,100,full_batch,0,500,500,True,nan,nan,stagnation,,0.26319906838455337,0.0346368747992484,0.053659069402811066,0.0434786768503832,0.053659069402811066,0.4911379275324219,0.4950066621343726
cvar,500,50,15128123,0.5,0.5,0.001,0.02,0.1,0.5,2000,23,0.01,100,100,minibatch,0,0,0,True,nan,nan,stagnation,,0.2689599165325307,0.03616971835059294,0.053812909281679255,0.043683273379414134,0.053812909281679255,0.4933989350088295,0.49834732256494835
cvar,500,50,15128123,0.5,0.5,0.001,0.02,0.1,0.5,2000,23,0.01,100,100,minibatch,0,100,100,True,nan,nan,stagnation,,0.26461212187433863,0.03500978752141992,0.05374431429227999,0.043593814321211954,0.05374431429227999,0.48934651792130807,0.494872620608681
cvar,500,50,15128123,0.5,0.5,0.001,0.02,0.1,0.5,2000,23,0.01,100,100,minibatch,0,200,200,True,nan,nan,stagnation,,0.2646943914189954,0.03503156042433618,0.05371344244167048,0.04355693881765166,0.05371344244167048,0.4929151979741869,0.4958600277166883
cvar,500,50,15128123,0.5,0.5,0.001,0.02,0.1,0.5,2000,23,0.01,100,100,minibatch,0,300,300,True,nan,nan,stagnation,,0.26381766639900145,0.03479988055210741,0.053689799102874414,0.0435286728108954,0.053689799102874414,0.49227009847867154,0.49535343871794013
cvar,500,50,15128123,0.5,0.5,0.001,0.02,0.1,0.5,2000,23,0.01,100,100,minibatch,0,400,400,True,nan,nan,stagnation,,0.26347814076944365,0.03471036533166138,0.053669803323006526,0.043504641334764727,0.053669803323006526,0.4918611439782433,0.49466977759833447
cvar,500,50,15128123,0.5,0.5,0.001,0.02,0.1,0.5,2000,23,0.01,100,100,minibatch,0,500,500,True,nan,nan,stagnation,,0.263442759799244,0.03470104384532108,0.05365185501810671,0.04348372337649514,0.05365185501810671,0.4909488000082426,0.49590188539636426
cvar,500,50,15128123,0.5,0.5,0.001,0.02,1.0,0.5,2000,23,0.01,100,100,full_batch,0,0,0,True,nan,nan,stagnation,,0.2689599165325307,0.03616971835059294,0.053812909281679255,0.043683273379414134,0.053812909281679255,0.4933989350088295,0.49834732256494835
cvar,500,50,15128123,0.5,0.5,0.001,0.02,1.0,0.5,2000,23,0.01,100,100,full_batch,0,100,100,True,nan,nan,stagnation,,0.7196678528132094,0.25896090918638764,0.05358450036700291,0.043421220119980064,0.05358450036700291,0.13136397200387148,-0.033858893751887637
cvar,500,50,15128123,0.5,0.5,0.001,0.02,1.0,0.5,2000,23,0.01,100,100,full_batch,0,200,200,True,nan,nan,stagnation,,0.7196246251070778,0.25892980053025116,0.05350061243661974,0.0433243231875704,0.05350061243661974,0.131366787620336,-0.03385889319002216
cvar,500,50,15128123,0.5,0.5,0.001,0.02,1.0,0.5,2000,23,0.01,100,100,full_batch,0,300,300,True,nan,nan,stagnation,,0.7195915972354786,0.25890603340595364,0.05343632577999469,0.0432501869525439,0.05343632577999469,0.13136894901457538,-0.03385889275840971
cvar,500,50,15128123,0.5,0.5,0.001,0.02,1.0,0.5,2000,23,0.01,100,100,full_batch,0,400,400,True,nan,nan,stagnation,,0.7195638566588384,0.2588860719048707,0.05338220129027316,0.04318784327003311,0.05338220129027316,0.13137077121476068,-0.033858892394330084
cvar,500,50,15128123,0.5,0.5,0.001,0.02,1.0,0.5,2000,23,0.01,100,100,full_batch,0,500,500,True,nan,nan,stagnation,,0.7195394967104137,0.2588685436631377,0.053334597407278084,0.04313319532054083,0.053334597407278084,0.1313723764995175,-0.0338588920734382
cvar,500,50,15128123,0.5,0.5,0.001,0.02,1.0,0.5,2000,23,0.01,100,100,full_batch,0,600,600,True,nan,nan,stagnation,,0.7195175386666192,0.2588527442244349,0.05329168525897865,0.04308399108807043,0.05329168525897865,0.13137382764083036,-0.033858891783236394
cvar,500,50,15128123,0.5,0.5,0.001,0.02,1.0,0.5,2000,23,0.01,100,100,full_batch,0,700,700,True,nan,nan,stagnation,,0.7194974008305259,0.25883825490094126,0.053252270515321776,0.04303882989557106,0.053252270515321776,0.13137516194925083,-0.03385889151629627
cvar,500,50,15128123,0.5,0.5,0.001,0.02,1.0,0.5,2000,23,0.01,100,100,minibatch,0,0,0,True,nan,nan,stagnation,,0.2689599165325307,0.03616971835059294,0.053812909281679255,0.043683273379414134,0.053812909281679255,0.4933989350088295,0.49834732256494835
cvar,500,50,15128123,0.5,0.5,0.001,0.02,1.0,0.5,2000,23,0.01,100,100,minibatch,0,100,100,True,nan,nan,stagnation,,0.7196676137409348,0.25896073713378565,0.05358213526498734,0.043413638062463344,0.05358213526498734,0.041056853460290026,-0.12912412141669607
cvar,500,50,15128123,0.5,0.5,0.001,0.02,1.0,0.5,2000,23,0.01,100,100,minibatch,0,200,200,True,nan,nan,stagnation,,0.7196243842925913,0.2589296272342456,0.0534982536305994,0.04331676429226161,0.0534982536305994,0.04105688415526435,-0.12912412141194585
cvar,500,50,15128123,0.5,0.5,0.001,0.02,1.0,0.5,2000,23,0.01,100,100,minibatch,0,300,300,True,nan,nan,stagnation,,0.7195913551260719,0.2589058591860882,0.05343397183525478,0.04324263399177869,0.05343397183525478,0.041056907645888485,-0.12912412140826138
cvar,500,50,15128123,0.5,0.5,0.001,0.02,1.0,0.5,2000,23,0.01,100,100,minibatch,0,400,400,True,nan,nan,stagnation,,0.719563613486062,0.25888589692655944,0.0533798514624757,0.04318030566930825,0.0533798514624757,0.04105692750130477,-0.12912412140514876
cvar,500,50,15128123,0.5,0.5,0.001,0.02,1.0,0.5,2000,23,0.01,100,100,minibatch,0,500,500,True,nan,nan,stagnation,,0.7195392526221249,0.2588683680320031,0.05333225383259094,0.04312567637702136,0.05333225383259094,0.041056945068584934,-0.1291241214024293
cvar,500,50,15128123,0.5,0.5,0.001,0.02,1.0,0.5,2000,23,0.01,100,100,minibatch,0,600,600,True,nan,nan,stagnation,,0.7195172937677395,0.2588525680154258,0.053289340819239195,0.043076484685939276,0.053289340819239195,0.041056961080931466,-0.1291241213999448
cvar,500,50,15128123,0.5,0.5,0.001,0.02,1.0,0.5,2000,23,0.01,100,100,minibatch,0,700,700,True,nan,nan,stagnation,,0.7194971552004666,0.2588380781707822,0.053249927076993164,0.04303133498897371,0.053249927076993164,0.041056975765522516,-0.12912412139767324
cvar,500,50,15128123,0.5,0.5,0.001,0.002,0.001,0.5,2000,23,0.01,100,100,full_batch,0,0,0,True,nan,nan,stagnation,,0.26841497294615796,0.036023298850843356,0.053812909281679255,0.043683273379414134,0.053812909281679255,0.4933989350088295,0.49834732256494835
cvar,500,50,15128123,0.5,0.5,0.001,0.002,0.001,0.5,2000,23,0.01,100,100,full_batch,0,100,100,True,nan,nan,stagnation,,0.26394799298280863,0.034834271499826396,0.053812196856108274,0.043682439323196376,0.053812196856108274,0.49309984076103236,0.4977649787164125
cvar,500,50,15128123,0.5,0.5,0.001,0.002,0.001,0.5,2000,23,0.01,100,100,full_batch,0,200,200,True,nan,nan,stagnation,,0.2639463345982068,0.034833833773914274,0.05381188681353055,0.043682068510774275,0.05381188681353055,0.4930998926986195,0.4977649694133259
cvar,500,50,15128123,0.5,0.5,0.001,0.002,0.001,0.5,2000,23,0.01,100,100,full_batch,0,300,300,True,nan,nan,stagnation,,0.2639450611408,0.03483349765031033,0.053811648734183426,0.04368178376868548,0.053811648734183426,0.4930999325812414,0.49776496226990374
cvar,500,50,15128123,0.5,0.5,0.001,0.002,0.001,0.5,2000,23,0.01,100,100,full_batch,0,400,400,True,nan,nan,stagnation,,0.26394398725632084,0.03483321420438243,0.053811447965560866,0.04368154365142063,0.053811447965560866,0.4930999662137343,0.4977649562462013
cvar,500,50,15128123,0.5,0.5,0.001,0.002,0.001,0.5,2000,23,0.01,100,100,full_batch,0,500,500,True,nan,nan,stagnation,,0.2639430409992155,0.03483296444595678,0.05381127105723815,0.04368133207183883,0.05381127105723815,0.4930999958492545,0.49776495093856243
cvar,500,50,15128123,0.5,0.5,0.001,0.002,0.001,0.5,2000,23,0.01,100,100,minibatch,0,0,0,True,nan,nan,stagnation,,0.26841497294615796,0.036023298850843356,0.053812909281679255,0.043683273379414134,0.053812909281679255,0.4933989350088295,0.49834732256494835
cvar,500,50,15128123,0.5,0.5,0.001,0.002,0.001,0.5,2000,23,0.01,100,100,minibatch,0,100,100,True,nan,nan,stagnation,,0.265743579144469,0.03530982492825633,0.05381231319472812,0.0436823311238832,0.05381231319472812,0.4926961686569755,0.4976899087343548
cvar,500,50,15128123,0.5,0.5,0.001,0.002,0.001,0.5,2000,23,0.01,100,100,minibatch,0,200,200,True,nan,nan,stagnation,,0.272559380044592,0.037144307825146175,0.053812013509483836,0.043682005367276566,0.053812013509483836,0.49395180395053906,0.49747069442390524
cvar,500,50,15128123,0.5,0.5,0.001,0.002,0.001,0.5,2000,23,0.01,100,100,minibatch,0,300,300,True,nan,nan,stagnation,,0.26772359153756825,0.03583796073288734,0.05381180873759128,0.04368171042700758,0.05381180873759128,0.4935612714852295,0.49814455048597095
cvar,500,50,15128123,0.5,0.5,0.001,0.002,0.001,0.5,2000,23,0.01,100,100,minibatch,0,400,400,True,nan,nan,stagnation,,0.2644982916123578,0.03497967313292794,0.053811623458430435,0.04368144565162868,0.053811623458430435,0.49331651350860833,0.49769727627288113
cvar,500,50,15128123,0.5,0.5,0.001,0.002,0.001,0.5,2000,23,0.01,100,100,minibatch,0,500,500,True,nan,nan,stagnation,,0.26684818908258956,0.035603978008328735,0.05381144995687587,0.04368124183667321,0.05381144995687587,0.4931628810764341,0.49829082769651734
cvar,500,50,15128123,0.5,0.5,0.001,0.002,0.01,0.5,2000,23,0.01,100,100,full_batch,0,0,0,True,nan,nan,stagnation,,0.26841497294615796,0.036023298850843356,0.053812909281679255,0.043683273379414134,0.053812909281679255,0.4933989350088295,0.49834732256494835
cvar,500,50,15128123,0.5,0.5,0.001,0.002,0.01,0.5,2000,23,0.01,100,100,full_batch,0,100,100,True,nan,nan,stagnation,,0.7593986735986342,0.2883431727316825,0.05381062463921121,0.04366760292687555,0.05381062463921121,0.5420323623261737,0.46630331684938914
cvar,500,50,15128123,0.5,0.5,0.001,0.002,0.01,0.5,2000,23,0.01,100,100,full_batch,0,200,200,True,nan,nan,stagnation,,0.7593845679776858,0.28833246104132826,0.05381040882597893,0.043658870292653695,0.05381040882597893,0.5420323585170653,0.46631969792048816
cvar,500,50,15128123,0.5,0.5,0.001,0.002,0.01,0.5,2000,23,0.01,100,100,full_batch,0,300,300,True,nan,nan,stagnation,,0.7593737434136345,0.2883242410930182,0.05381024270904011,0.04365217422611972,0.05381024270904011,0.5420323555909468,0.46633237226351953
cvar,500,50,15128123,0.5,0.5,0.001,0.002,0.01,0.5,2000,23,0.01,100,100,full_batch,0,400,400,True,nan,nan,stagnation,,0.7593646199698109,0.28831731303094765,0.05381010235851391,0.0436465292006753,0.05381010235851391,0.5420323531226323,0.4663431256260921
cvar,500,50,15128123,0.5,0.5,0.001,0.002,0.01,0.5,2000,23,0.01,100,100,full_batch,0,500,500,True,nan,nan,stagnation,,0.7593565843924808,0.2883112111301074,0.05380997848590319,0.04364155631736555,0.05380997848590319,0.5420323509470837,0.4663526510620281
cvar,500,50,15128123,0.5,0.5,0.001,0.002,0.01,0.5,2000,23,0.01,100,100,minibatch,0,0,0,True,nan,nan,stagnation,,0.26841497294615796,0.036023298850843356,0.053812909281679255,0.043683273379414134,0.053812909281679255,0.4933989350088295,0.49834732256494835
cvar,500,50,15128123,0.5,0.5,0.001,0.002,0.01,0.5,2000,23,0.01,100,100,minibatch,0,100,100,True,nan,nan,stagnation,,0.7197809722273082,0.2590423239902445,0.0538099154736702,0.043679428637872886,0.0538099154736702,0.4443828773796711,0.42531939505829724
cvar,500,50,15128123,0.5,0.5,0.001,0.002,0.01,0.5,2000,23,0.01,100,100,minibatch,0,200,200,True,nan,nan,stagnation,,0.7197805322288995,0.2590420072878589,0.05380905994401464,0.043678442759761626,0.05380905994401464,0.44438288164437667,0.42531939505831523
cvar,500,50,15128123,0.5,0.5,0.001,0.002,0.01,0.5,2000,23,0.01,100,100,minibatch,0,300,300,True,nan,nan,stagnation,,0.7197801943716021,0.25904176410481067,0.05380840300260037,0.04367768573669073,0.05380840300260037,0.44438288430993383,0.42531939505833055
cvar,500,50,15128123,0.5,0.5,0.001,0.002,0.01,0.5,2000,23,0.01,100,100,minibatch,0,400,400,True,nan,nan,stagnation,,0.7197799094713322,0.25904155903927956,0.05380784902307756,0.04367704736793537,0.05380784902307756,0.4443828866685729,0.42531939505834415
cvar,500,50,15128123,0.5,0.5,0.001,0.002,0.01,0.5,2000,23,0.01,100,100,minibatch,0,500,500,True,nan,nan,stagnation,,0.7197796584372094,0.2590413783499929,0.053807360887933475,0.04367648487890702,0.053807360887933475,0.44438288908640017,0.4253193950583555
cvar,500,50,15128123,0.5,0.5,0.001,0.002,0.1,0.5,2000,23,0.01,100,100,full_batch,0,0,0,True,nan,nan,stagnation,,0.26841497294615796,0.036023298850843356,0.053812909281679255,0.043683273379414134,0.053812909281679255,0.4933989350088295,0.49834732256494835
cvar,500,50,15128123,0.5,0.5,0.001,0.002,0.1,0.5,2000,23,0.01,100,100,full_batch,0,100,100,True,nan,nan,stagnation,,0.7197706726174512,0.25903491058008904,0.053785939510819,0.043655053435947,0.053785939510819,0.3220838878385312,0.17756342949319454
cvar,500,50,15128123,0.5,0.5,0.001,0.002,0.1,0.5,2000,23,0.01,100,100,full_batch,0,200,200,True,nan,nan,stagnation,,0.7197662796694634,0.2590317486746101,0.053777394362342856,0.04364522728000808,0.053777394362342856,0.3220838878385312,0.17756342949319454
cvar,500,50,15128123,0.5,0.5,0.001,0.002,0.1,0.5,2000,23,0.01,100,100,full_batch,0,300,300,True,nan,nan,stagnation,,0.719762908052175,0.25902932190386185,0.05377083449216907,0.04363768454539574,0.05377083449216907,0.3220838878385312,0.17756342949319454
cvar,500,50,15128123,0.5,0.5,0.001,0.002,0.1,0.5,2000,23,0.01,100,100,full_batch,0,400,400,True,nan,nan,stagnation,,0.7197600659621549,0.2590272762769228,0.05376530392709955,0.04363132569176614,0.05376530392709955,0.3220838878385312,0.17756342949319454
cvar,500,50,15128123,0.5,0.5,0.001,0.002,0.1,0.5,2000,23,0.01,100,100,full_batch,0,500,500,True,nan,nan,stagnation,,0.7197575625053636,0.2590254743918312,0.05376043160486077,0.04362572393142472,0.05376043160486077,0.3220838878385312,0.17756342949319454
cvar,500,50,15128123,0.5,0.5,0.001,0.002,0.1,0.5,2000,23,0.01,100,100,minibatch,0,0,0,True,nan,nan,stagnation,,0.26841497294615796,0.036023298850843356,0.053812909281679255,0.043683273379414134,0.053812909281679255,0.4933989350088295,0.49834732256494835
cvar,500,50,15128123,0.5,0.5,0.001,0.002,0.1,0.5,2000,23,0.01,100,100,minibatch,0,100,100,True,nan,nan,stagnation,,0.7197698381203397,0.25903430993389,0.05378299161683231,0.04364489808986588,0.05378299161683231,0.0032382772143454814,-0.2319319525020429
cvar,500,50,15128123,0.5,0.5,0.001,0.002,0.1,0.5,2000,23,0.01,100,100,minibatch,0,200,200,True,nan,nan,stagnation,,0.7197654454187989,0.259031148209461,0.053774448764972727,0.04363507271035316,0.053774448764972727,0.0032382772143454814,-0.2319319525020429
cvar,500,50,15128123,0.5,0.5,0.001,0.002,0.1,0.5,2000,23,0.01,100,100,minibatch,0,300,300,True,nan,nan,stagnation,,0.7197620739915701,0.25902872157832324,0.0537678906582299,0.04362753057299429,0.0537678906582299,0.0032382772143454814,-0.2319319525020429
cvar,500,50,15128123,0.5,0.5,0.001,0.002,0.1,0.5,2000,23,0.01,100,100,minibatch,0,400,400,True,nan,nan,stagnation,,0.7197592320623722,0.2590266760695079,0.05376236158014991,0.043621172223720917,0.05376236158014991,0.0032382772143454814,-0.2319319525020429
cvar,500,50,15128123,0.5,0.5,0.001,0.002,0.1,0.5,2000,23,0.01,100,100,minibatch,0,500,500,True,nan,nan,stagnation,,0.7197567287477054,0.25902487428879895,0.053757490568116295,0.043615570908326684,0.053757490568116295,0.0032382772143454814,-0.2319319525020429
cvar,500,50,15128123,0.5,0.5,0.001,0.002,1.0,0.5,2000,23,0.01,100,100,full_batch,0,0,0,True,nan,nan,stagnation,,0.26841497294615796,0.036023298850843356,0.053812909281679255,0.043683273379414134,0.053812909281679255,0.4933989350088295,0.49834732256494835
cvar,500,50,15128123,0.5,0.5,0.001,0.002,1.0,0.5,2000,23,0.01,100,100,full_batch,0,100,100,True,nan,nan,stagnation,,0.7196676561795686,0.2589607676754969,0.053545578198724686,0.043402704025890526,0.053545578198724686,-1.2197515366941531,-2.7094916081525895
cvar,500,50,15128123,0.5,0.5,0.001,0.002,1.0,0.5,2000,23,0.01,100,100,full_batch,0,200,200,True,nan,nan,stagnation,,0.719624422442828,0.2589296546880869,0.05346187729842877,0.04330576646476958,0.05346187729842877,-1.2197515366941531,-2.7094916081525895
cvar,500,50,15128123,0.5,0.5,0.001,0.002,1.0,0.5,2000,23,0.01,100,100,full_batch,0,300,300,True,nan,nan,stagnation,,0.7195913904566974,0.25890588460970154,0.05339773403682285,0.043231619275258426,0.05339773403682285,-1.2197515366941531,-2.7094916081525895
cvar,500,50,15128123,0.5,0.5,0.001,0.002,1.0,0.5,2000,23,0.01,100,100,full_batch,0,400,400,True,nan,nan,stagnation,,0.7195636467503475,0.2588859208623294,0.05334373032056261,0.043169383857620314,0.05334373032056261,-1.2197515366941531,-2.7094916081525895
cvar,500,50,15128123,0.5,0.5,0.001,0.002,1.0,0.5,2000,23,0.01,100,100,full_batch,0,500,500,True,nan,nan,stagnation,,0.7195392842967849,0.25886839082316476,0.05329628949119225,0.04311481725865185,0.05329628949119225,-1.2197515366941531,-2.7094916081525895
cvar,500,50,15128123,0.5,0.5,0.001,0.002,1.0,0.5,2000,23,0.01,100,100,full_batch,0,600,600,True,nan,nan,stagnation,,0.7195173241880777,0.2588525899033856,0.05325344594756842,0.04306558853186432,0.05325344594756842,-1.2197515366941531,-2.7094916081525895
cvar,500,50,15128123,0.5,0.5,0.001,0.002,1.0,0.5,2000,23,0.01,100,100,full_batch,0,700,700,True,nan,nan,stagnation,,0.7194971846180669,0.2588380993366623,0.0532141041705656,0.043020405169274856,0.0532141041705656,-1.2197515366941531,-2.7094916081525895
cvar,500,50,15128123,0.5,0.5,0.001,0.002,1.0,0.5,2000,23,0.01,100,100,minibatch,0,0,0,True,nan,nan,stagnation,,0.26841497294615796,0.036023298850843356,0.053812909281679255,0.043683273379414134,0.053812909281679255,0.4933989350088295,0.49834732256494835
cvar,500,50,15128123,0.5,0.5,0.001,0.002,1.0,0.5,2000,23,0.01,100,100,minibatch,0,100,100,True,nan,nan,stagnation,,0.7196597452185886,0.2589550744440419,0.053517624828475,0.04330117117905119,0.053517624828475,-4.40820764293601,-6.804445428104964
cvar,500,50,15128123,0.5,0.5,0.001,0.002,1.0,0.5,2000,23,0.01,100,100,minibatch,0,200,200,True,nan,nan,stagnation,,0.7196165359992379,0.25892397944177126,0.05343398944280031,0.043204444374638995,0.05343398944280031,-4.40820764293601,-6.804445428104964
cvar,500,50,15128123,0.5,0.5,0.001,0.002,1.0,0.5,2000,23,0.01,100,100,minibatch,0,300,300,True,nan,nan,stagnation,,0.7195835236182261,0.2589002237314111,0.05337001499835675,0.043130449567281015,0.05337001499835675,-4.40820764293601,-6.804445428104964
cvar,500,50,15128123,0.5,0.5,0.001,0.002,1.0,0.5,2000,23,0.01,100,100,minibatch,0,400,400,True,nan,nan,stagnation,,0.7195557969576659,0.25888027246769085,0.05331621316255453,0.043068439022287075,0.05331621316255453,-4.40820764293601,-6.804445428104964
cvar,500,50,15128123,0.5,0.5,0.001,0.002,1.0,0.5,2000,23,0.01,100,100,minibatch,0,500,500,True,nan,nan,stagnation,,0.7195314499056218,0.25886275370164313,0.053268879591236495,0.04301398065859874,0.053268879591236495,-4.40820764293601,-6.804445428104964
cvar,500,50,15128123,0.5,0.5,0.001,0.002,1.0,0.5,2000,23,0.01,100,100,minibatch,0,600,600,True,nan,nan,stagnation,,0.7195095040247593,0.25884696319097755,0.05322614029290651,0.04296486373237718,0.05322614029290651,-4.40820764293601,-6.804445428104964
cvar,500,50,15128123,0.5,0.5,0.001,0.002,1.0,0.5,2000,23,0.01,100,100,minibatch,0,700,700,True,nan,nan,stagnation,,0.7194893777891255,0.25883248237569145,0.05318688891267043,0.04291983083710044,0.05318688891267043,-4.40820764293601,-6.804445428104964
