,K,n,seed,small_time_s,small_success,small_eta,mcp_time_s,mcp_success,mcp_eta
0,5,5,50623,0.39794495794922113,True,9.992007221626409e-16,0.041874667163938284,True,2.220446049250313e-16
1,5,5,50624,15.559299957938492,False,0.031654258522647916,0.04186908295378089,True,2.220446049250313e-16
2,5,5,50625,15.673678917111829,False,0.01574234702524452,0.039237541845068336,True,3.3306690738754696e-16
3,5,5,50626,0.07183187501505017,True,3.9968028886505635e-15,0.08060283306986094,True,1.3322676295501878e-15
4,5,5,50627,0.4653117919806391,True,0.006358347030763878,0.04213645891286433,True,1.5543122344752192e-15
5,5,10,51123,0.9203847500029951,True,0.0015618891399958867,0.09140074998140335,False,
6,5,10,51124,16.747094416990876,False,0.017372790359529544,0.059845083160325885,True,8.881784197001252e-16
7,5,10,51125,0.3190200000535697,True,0.0016640379990183751,0.05523945786990225,True,7.771561172376096e-16
8,5,10,51126,1.0123297499958426,True,0.001135745798678256,0.053496999898925424,True,3.885780586188048e-15
9,5,10,51127,20.466224000090733,False,0.010196094395374389,0.06390008400194347,True,-7.099654197872951e-12
10,5,20,52123,6.003557957941666,True,0.006722356785555772,0.1115574159193784,True,8.881784197001252e-16
11,5,20,52124,26.592714458005503,False,0.010119164543976766,0.2184357091318816,False,
12,5,20,52125,25.66495079197921,False,0.016892759199885088,0.1884108749218285,False,
13,5,20,52126,26.21931558311917,False,0.022126027046333485,0.13136574998497963,True,-2.482014593852e-12
14,5,20,52127,10.073535250034183,True,0.009685665896453144,0.22628879197873175,False,
15,5,50,55123,47.65685420902446,False,0.020511051029725613,0.6728837501723319,True,3.774758283725532e-15
16,5,50,55124,52.19887179112993,False,0.012619600223054417,1.0618177910801023,False,
17,5,50,55125,51.466733457986265,False,0.019463149263261537,0.6182429580949247,True,2.886579864025407e-14
18,5,50,55126,51.46689233300276,False,0.01918471064172733,0.9353097919374704,False,
19,5,50,55127,2.576478249859065,True,0.008771855627459635,0.6020577908493578,True,7.771561172376096e-15
20,10,5,100623,0.24377620895393193,True,0.009595210620991335,0.06762483296915889,True,2.220446049250313e-16
21,10,5,100624,4.373056416865438,True,0.002847849240641964,0.056877125054597855,True,1.6653345369377348e-16
22,10,5,100625,0.8736991670448333,True,0.0029443555785354514,0.05286658299155533,True,1.1102230246251565e-16
23,10,5,100626,0.14710937510244548,True,0.008445474832368016,0.18259058287367225,True,2.220446049250313e-16
24,10,5,100627,18.427222582977265,False,0.012978349861343497,0.05542949982918799,True,5.551115123125783e-16
25,10,10,101123,1.3087226250208914,True,0.009071401926808553,0.07651858404278755,True,4.440892098500626e-16
26,10,10,101124,21.823249208042398,False,0.02713133210110913,0.07358137494884431,True,-7.570610804918942e-13
27,10,10,101125,22.311873583123088,False,0.011169452015722836,0.08313604188151658,True,1.4432899320127035e-15
28,10,10,101126,2.738940916955471,True,8.881784197001252e-16,0.07463270798325539,True,6.661338147750939e-16
29,10,10,101127,0.7691218750551343,True,0.008956379516133262,0.07802479201927781,True,5.551115123125783e-16
30,10,20,102123,20.953657916979864,True,0.006072668054111774,0.20051787490956485,True,2.3314683517128287e-15
31,10,20,102124,1.1217328750062734,True,3.1086244689504383e-15,0.28670008410699666,True,1.5543122344752192e-15
32,10,20,102125,26.1492152500432,False,0.018287353646824767,0.2001997500192374,True,1.3322676295501878e-15
33,10,20,102126,6.806192459072918,True,0.006459709081151455,0.2838390830438584,True,3.1086244689504383e-15
34,10,20,102127,8.65228470787406,True,0.009040588108926606,0.35482833394780755,True,3.774758283725532e-15
35,10,50,105123,43.31435895897448,False,0.02168645854282525,1.6431069581303746,False,
36,10,50,105124,42.68170612491667,False,0.03395746750736672,1.0203442920465022,True,2.4424906541753444e-15
37,10,50,105125,46.47022279095836,False,0.01581986829825255,1.581975916866213,False,
38,10,50,105126,43.717822917038575,False,0.02376907408085771,0.9772787920664996,False,1.221444719275285
39,10,50,105127,41.05531099997461,False,0.025693147332503163,1.6777354581281543,False,
40,30,5,300623,1.4339858340099454,True,0.00819261449813291,0.10102341696619987,True,3.3306690738754696e-16
41,30,5,300624,0.10436370805837214,True,0.007253666102081446,0.1530897500924766,True,3.5885738824958935e-12
42,30,5,300625,11.673850125167519,True,0.00997949304066914,0.07437345897778869,True,1.4032219830539816e-11
43,30,5,300626,1.1781453338917345,True,0.007141756330729665,0.07773066591471434,True,0.0
44,30,5,300627,1.9889788751024753,True,0.005421834830613148,0.07140079187229276,True,2.220446049250313e-16
45,30,10,301123,1.3326905418653041,True,0.006261813443630748,0.5058789590839297,False,
46,30,10,301124,19.217803958104923,True,0.009120682734134467,0.14659979194402695,True,-1.0524026095026784e-11
47,30,10,301125,3.4173036669380963,True,0.008843047739333976,0.14053758303634822,True,2.220446049250313e-16
48,30,10,301126,14.972205040976405,True,0.007847496805564402,0.4890732921194285,False,
49,30,10,301127,1.2484399999957532,True,0.004185070528322843,0.16122166719287634,True,3.3306690738754696e-16
50,30,20,302123,35.76586795784533,False,0.02226146430436038,0.7221358749084175,True,-1.0558887098000014e-11
51,30,20,302124,35.12253062496893,False,0.019161707461249344,1.3084078340325505,False,
52,30,20,302125,29.765132250031456,False,0.021273899163790078,1.1221634580288082,False,
53,30,20,302126,30.21574224997312,False,0.028685220981137016,1.0886460419278592,False,
54,30,20,302127,29.836147708119825,False,0.024367993166739765,1.0387656670063734,False,
55,30,50,305123,50.22995008411817,False,,5.2020711249206215,False,
56,30,50,305124,48.193807791918516,False,0.031102606297121804,2.9017736250534654,True,-1.0459300092691137e-11
57,30,50,305125,50.11325516598299,False,,4.478993291966617,False,
58,30,50,305126,47.21689466596581,False,,4.55213408311829,False,
59,30,50,305127,48.786331166978925,False,0.033587267889225614,4.7802336669992656,False,
60,100,5,1000623,0.29252474987879395,True,0.0021468593238296307,0.5241569171193987,True,1.6653345369377348e-16
61,100,5,1000624,0.27568279206752777,True,0.002421711365319157,0.7850887079257518,True,-5.273876890754536e-10
62,100,5,1000625,2.947094624862075,True,0.008861339570395255,0.202042207820341,True,-2.1716817233397023e-10
63,100,5,1000626,0.9068111251108348,True,0.008219395099764604,1.2736627080012113,True,-1.900701818158268e-12
64,100,5,1000627,0.19872749992646277,True,0.0016587712295533241,0.4917599158361554,True,1.6114887202434147e-12
65,100,10,1001123,8.09191224980168,True,0.0075303705097778395,0.6826968749519438,True,-4.096167849354515e-12
66,100,10,1001124,12.228144582826644,True,0.0059732607878437705,0.6291027918923646,True,-3.44727579815185e-11
67,100,10,1001125,0.9004197500180453,True,0.007468326973053774,1.6726512918248773,False,
68,100,10,1001126,15.849303583847359,True,0.008937080051718005,0.5916132919955999,True,-1.666755622409255e-11
69,100,10,1001127,7.822838250081986,True,0.0022603870640417467,0.7873972500674427,True,-8.521627847812852e-12
70,100,20,1002123,13.182801999850199,True,0.00681287253019236,1.7838196251541376,True,3.3306690738754696e-16
71,100,20,1002124,47.7083500828594,False,0.010839593786971302,4.808637292124331,False,
72,100,20,1002125,50.50693445815705,False,0.011967686153363633,1.8363129580393434,True,-4.755085214469545e-13
73,100,20,1002126,30.361704791896045,True,0.009760608412153204,4.253280291100964,False,
74,100,20,1002127,55.78104379191063,False,0.01234965785672687,5.327955125132576,False,
75,100,50,1005123,92.23839045804925,False,,16.343110916903242,False,
76,100,50,1005124,80.09842529101297,False,,16.462216375162825,False,
77,100,50,1005125,82.54117699991912,False,,15.386557917110622,False,
78,100,50,1005126,86.0812326669693,False,,15.696236042072996,False,
79,100,50,1005127,79.44905579113401,False,,21.40071929106489,False,
80,500,5,5000623,9.006117958109826,True,0.008759212629921631,10.558112374972552,False,
81,500,5,5000624,0.9827811669092625,True,0.006772197425165605,8.046787917148322,False,
82,500,5,5000625,1.4556862500030547,True,0.0017323019179263377,2.6795454169623554,True,-2.139881383200759e-09
83,500,5,5000626,0.2059832918457687,True,0.008861963889376434,6.847630250034854,False,
84,500,5,5000627,1.149253583047539,True,0.007997187902655023,8.157750125043094,True,0.00013665646547433852
85,500,10,5001123,14.774959875037894,True,0.00572400248011623,9.902141874888912,False,
86,500,10,5001124,3.9287036671303213,True,0.009511602484851611,12.478196083102375,False,
87,500,10,5001125,7.169960957951844,True,0.007269350335374847,12.058547375025228,False,
88,500,10,5001126,6.931704042013735,True,0.00809661505115783,14.45777487498708,True,0.008819908764854112
89,500,10,5001127,6.00349779217504,True,0.00907268115246146,12.479987333063036,False,
90,500,20,5002123,16.43936829199083,True,0.00941423544447012,30.314530541887507,False,
91,500,20,5002124,143.7362608751282,False,0.010627600577230112,24.17378883413039,False,
92,500,20,5002125,8.54153549997136,True,0.009654679673545274,23.699662040919065,False,
93,500,20,5002126,18.00193875003606,True,0.007394975047457064,19.67503708298318,False,
94,500,20,5002127,9.531288417056203,True,0.00806569094288867,29.577691707992926,False,
95,500,50,5005123,225.94277266599238,True,0.009109641469647434,90.37619245890528,False,
96,500,50,5005124,194.88507120800205,True,0.00680105269271819,96.21256704209372,False,
97,500,50,5005125,34.938880417030305,True,0.0097742538661032,100.40158424992114,False,
98,500,50,5005126,253.06260025012307,False,0.010707033458648707,97.66727512492798,False,
99,500,50,5005127,18.635343625210226,True,0.008857170722858299,106.05268870899454,False,
