K,n,seed,gamma,epsilon,epsilon_scr,kappa,tau,max_candidates,n_screen_starts,n_support_starts,screen_maxiter,support_maxiter,methods,dual_success,dual_time_s,dual_eta,dual_regret1,dual_regret2,dual_screen_eta,dual_support_eta,dual_dual_eta,dual_support_violation,dual_mcp_time_s,dual_solver,dual_candidate_index,dual_has_profile,dual_best_dev1_success,dual_best_dev2_success,dual_error,restricted_mcp_success,restricted_mcp_time_s,restricted_mcp_eta,restricted_mcp_regret1,restricted_mcp_regret2,restricted_mcp_screen_eta,restricted_mcp_support_eta,restricted_mcp_dual_eta,restricted_mcp_support_violation,restricted_mcp_mcp_time_s,restricted_mcp_solver,restricted_mcp_candidate_index,restricted_mcp_has_profile,restricted_mcp_best_dev1_success,restricted_mcp_best_dev2_success,restricted_mcp_error,eta_diff_mcp_minus_dual,time_ratio_mcp_over_dual,x_l1_mcp_minus_dual,y_l1_mcp_minus_dual
5,5,50623,0.5,0.01,0.006666666666666667,3,5,200,1,5,300,500,"dual,restricted_mcp",True,0.3107431251555681,0.003373331437922289,0.003373331437234506,0.003373331437922289,nan,0.003373331437922289,0.0033733314370718325,2.0936585798381202e-12,nan,,3,True,True,True,,True,0.441902750171721,0.007559229287859903,0.0,0.007559229287859903,nan,0.007559229287859903,nan,nan,0.01907266676425934,pathampl,3,True,True,True,,0.004185897849937614,1.422083754710551,0.15867466015476916,4.3551016091662906e-14
5,5,50624,0.5,0.01,0.006666666666666667,3,5,200,1,5,300,500,"dual,restricted_mcp",True,2.8006549160927534,1.4432899320127035e-15,4.440892098500626e-16,1.4432899320127035e-15,nan,1.4432899320127035e-15,0.0,2.5979218776228663e-14,nan,,23,True,True,True,,True,0.7289461251348257,1.1102230246251565e-16,1.1102230246251565e-16,0.0,nan,1.1102230246251565e-16,nan,nan,0.016278499737381935,pathampl,23,True,True,True,,-1.3322676295501878e-15,0.2602770234012951,2.919886554764162e-14,1.84297022087776e-14
5,5,50625,0.5,0.01,0.006666666666666667,3,5,200,1,5,300,500,"dual,restricted_mcp",True,0.10504599986597896,0.002307274355653921,0.002307274351467825,0.002307274355653921,nan,0.002307274355653921,0.0023072743476748466,3.682301685792311e-11,nan,,1,True,True,True,,True,0.03101000003516674,0.007775904869901151,0.007775904869901151,0.0,nan,0.007775904869901151,nan,nan,0.016131042037159204,pathampl,1,True,True,True,,0.00546863051424723,0.295204006575503,0.0,0.1574571909749224
5,5,50626,0.5,0.01,0.006666666666666667,3,5,200,1,5,300,500,"dual,restricted_mcp",True,0.4018399170599878,0.007808171794879359,0.007808171793992846,0.007808171794879359,nan,0.007808171794879359,0.007808171792928783,2.997269099580535e-12,nan,,4,True,True,True,,True,0.3251894158311188,0.0,0.0,0.0,nan,0.0,nan,nan,0.01749158278107643,pathampl,11,True,True,True,,-0.007808171794879359,0.8092511520764962,1.9999999999999325,2.0
5,5,50627,0.5,0.01,0.006666666666666667,3,5,200,1,5,300,500,"dual,restricted_mcp",True,4.00981979072094,0.00044007172413496054,0.000440071708486256,0.00044007172413496054,nan,0.00044007172413496054,0.0004400717084799589,2.0959234348083555e-11,nan,,35,True,True,True,,True,0.9688805420883,0.0068202864509908645,0.0068202864509908645,1.1102230246251565e-16,nan,0.0068202864509908645,nan,nan,0.01909791585057974,pathampl,35,True,True,True,,0.006380214726855904,0.24162695399189038,0.03375271818208468,0.06465637261512591
5,5,50628,0.5,0.01,0.006666666666666667,3,5,200,1,5,300,500,"dual,restricted_mcp",True,0.15112945903092623,0.007392679395285262,0.007392679395285262,0.007392679393110835,nan,0.007392679395285262,0.007392679393336031,1.7372214777822137e-12,nan,,2,True,True,True,,False,0.44441816583275795,nan,nan,nan,nan,nan,nan,nan,nan,,,False,nan,nan,Cannot load a SolverResults object with bad status: error,nan,2.9406455146631267,nan,nan
5,5,50629,0.5,0.01,0.006666666666666667,3,5,200,1,5,300,500,"dual,restricted_mcp",True,0.4491065419279039,0.005555497368261386,0.005555497368261386,0.005555497368260998,nan,0.005555497368261386,0.005555497368260602,2.220446049250313e-15,nan,,4,True,True,True,,True,0.6701880418695509,0.0,0.0,0.0,nan,0.0,nan,nan,0.016538250260055065,pathampl,22,True,True,True,,-0.005555497368261386,1.492269604875045,1.6477781571158467,1.1974457842886483
5,5,50630,0.5,0.01,0.006666666666666667,3,5,200,1,5,300,500,"dual,restricted_mcp",True,0.20603099977597594,0.0004593635474227087,0.0004593635422466824,0.0004593635474227087,nan,0.0004593635474227087,0.00045936354203699516,4.215183757594332e-12,nan,,2,True,True,True,,True,0.05586649989709258,0.0024172819948610202,0.0,0.0024172819948610202,nan,0.0024172819948610202,nan,nan,0.014306708704680204,pathampl,2,True,True,True,,0.0019579184474383116,0.27115579673853935,0.04641061738139389,0.0
5,5,50631,0.5,0.01,0.006666666666666667,3,5,200,1,5,300,500,"dual,restricted_mcp",True,0.2893367907963693,0.0055797025769975805,0.0055797025769974695,0.0055797025769975805,nan,0.0055797025769975805,0.005579702576998597,2.220446049250313e-16,nan,,3,True,True,True,,True,1.6515120421536267,2.2981949676648128e-10,2.2981949676648128e-10,1.9054058331136048e-10,nan,2.2981949676648128e-10,nan,nan,0.01908374996855855,pathampl,53,True,True,True,,-0.005579702347178084,5.7079227208126975,1.8923962103336194,0.7442968557717351
5,5,50632,0.5,0.01,0.006666666666666667,3,5,200,1,5,300,500,"dual,restricted_mcp",True,0.2041066251695156,0.0038256043084249347,0.0038256043084248237,0.0038256043084249347,nan,0.0038256043084249347,0.003825604308424109,8.881784197001252e-16,nan,,2,True,True,True,,True,0.05703595886006951,0.00842741272784836,0.00842741272784836,0.005980260740888088,nan,0.00842741272784836,nan,nan,0.015319833066314459,pathampl,2,True,True,True,,0.0046018084194234254,0.279441977019118,0.22401702364232717,0.09406598925315471
5,10,51123,0.5,0.01,0.006666666666666667,4,5,200,1,5,300,500,"dual,restricted_mcp",True,0.5570249166339636,0.007995568885955873,0.007995568885436954,0.007995568885955873,nan,0.007995568885955873,0.007995568885602801,1.121935877534952e-12,nan,,4,True,True,True,,False,0.9146272498182952,nan,nan,nan,nan,nan,nan,nan,nan,,,False,nan,nan,Cannot load a SolverResults object with bad status: error,nan,1.6419862424562275,nan,nan
5,10,51124,0.5,0.01,0.006666666666666667,4,5,200,1,5,300,500,"dual,restricted_mcp",True,1.171479708980769,0.0001000088290977752,0.0001000088290977752,0.00010000882815985879,nan,0.0001000088290977752,0.00010000882810723981,6.72095712417331e-12,nan,,9,True,True,True,,True,0.3066476248204708,0.0032845548545732406,0.0032845548545732406,0.0,nan,0.0032845548545732406,nan,nan,0.015481040813028812,pathampl,9,True,True,True,,0.0031845460254754654,0.2617609357376456,6.893869338567206e-13,0.14825201840187288
5,10,51125,0.5,0.01,0.006666666666666667,4,5,200,1,5,300,500,"dual,restricted_mcp",True,0.12175887497141957,0.0,0.0,0.0,nan,0.0,0.0,5.551115123125783e-16,nan,,1,True,True,True,,True,0.09498233394697309,0.0,0.0,0.0,nan,0.0,nan,nan,0.015316542237997055,pathampl,3,True,True,True,,0.0,0.7800855089147979,1.0186654797335404e-15,0.0
5,10,51126,0.5,0.01,0.006666666666666667,4,5,200,1,5,300,500,"dual,restricted_mcp",True,0.8335703327320516,0.0006921326351860824,0.000692132634880549,0.0006921326351860824,nan,0.0006921326351860824,0.0006921326347819645,2.928102205146388e-12,nan,,6,True,True,True,,True,0.19535608310252428,0.00373681683032856,0.00373681683032856,1.1102230246251565e-16,nan,0.00373681683032856,nan,nan,0.018514124676585197,pathampl,6,True,True,True,,0.0030446841951424775,0.23436064772391657,0.026114791931363755,0.03762293575158947
5,10,51127,0.5,0.01,0.006666666666666667,4,5,200,1,5,300,500,"dual,restricted_mcp",True,0.4508287915959954,0.001254208196951212,0.0012542081969491026,0.001254208196951212,nan,0.001254208196951212,0.0012542081969401098,1.6764367671839864e-14,nan,,4,True,True,True,,True,0.5325958337634802,0.004626771683418851,0.0027871196771023232,0.004626771683418851,nan,0.004626771683418851,nan,nan,0.016816374845802784,pathampl,16,True,True,True,,0.003372563486467639,1.1813704973855337,2.0,1.4015797101158536
5,10,51128,0.5,0.01,0.006666666666666667,4,5,200,1,5,300,500,"dual,restricted_mcp",True,1.3736342089250684,0.005372466298428358,0.00537246627203769,0.005372466298428358,nan,0.005372466298428358,0.005372466276130472,3.6218472665439094e-11,nan,,10,True,True,True,,True,0.46710391575470567,0.0,0.0,0.0,nan,0.0,nan,nan,0.015422833152115345,pathampl,16,True,True,True,,-0.005372466298428358,0.34004971099273645,0.9232211490953978,0.8562766651360236
5,10,51129,0.5,0.01,0.006666666666666667,4,5,200,1,5,300,500,"dual,restricted_mcp",True,0.41041945898905396,6.263878304935133e-13,1.9162449405030202e-13,6.263878304935133e-13,nan,6.263878304935133e-13,3.5072901216410923e-13,3.4776541221225082e-12,nan,,2,True,True,True,,True,0.06396187515929341,4.206857084909643e-11,4.206857084909643e-11,2.428135470466941e-11,nan,4.206857084909643e-11,nan,nan,0.0152751668356359,pathampl,2,True,True,True,,4.144218301860292e-11,0.1558451329691931,0.16002197554809747,0.41353812287245284
5,10,51130,0.5,0.01,0.006666666666666667,4,5,200,1,5,300,500,"dual,restricted_mcp",True,0.3717264998704195,0.007309170245686336,0.0073091702446778095,0.007309170245686336,nan,0.007309170245686336,0.00730917024321488,6.415756814703855e-12,nan,,3,True,True,True,,True,0.4540304997935891,0.007513015127245226,0.00014864036826789384,0.007513015127245226,nan,0.007513015127245226,nan,nan,0.017669917084276676,pathampl,14,True,True,True,,0.00020384488155889002,1.2214100957339873,2.0,2.0
5,10,51131,0.5,0.01,0.006666666666666667,4,5,200,1,5,300,500,"dual,restricted_mcp",True,0.11848258320242167,0.006735826566641845,0.00673582656664129,0.006735826566641845,nan,0.006735826566641845,0.0067358265666411865,7.771561172376096e-16,nan,,1,True,True,True,,True,0.03652979200705886,0.007417828655745029,0.007417828655745029,0.0,nan,0.007417828655745029,nan,nan,0.01732520805671811,pathampl,1,True,True,True,,0.0006820020891031842,0.3083136020477331,0.010809785711295544,0.09278192961692748
5,10,51132,0.5,0.01,0.006666666666666667,4,5,200,1,5,300,500,"dual,restricted_mcp",True,0.26151600014418364,0.005300558003403233,0.005300558003403233,0.005300558003148659,nan,0.005300558003403233,0.005300558001847174,5.224487509281062e-12,nan,,2,True,True,True,,True,0.48774054227396846,0.0,0.0,0.0,nan,0.0,nan,nan,0.01661449996754527,pathampl,16,True,True,True,,-0.005300558003403233,1.8650504825902,2.0,2.0
10,5,100623,0.5,0.01,0.006666666666666667,3,5,200,1,5,300,500,"dual,restricted_mcp",True,0.7703047501854599,0.008403644812138233,0.008403644801797339,0.008403644812138233,nan,0.008403644812138233,0.008403644803348237,1.996252235890612e-11,nan,,3,True,True,True,,True,1.4347951668314636,9.992007221626409e-16,1.1102230246251565e-16,9.992007221626409e-16,nan,9.992007221626409e-16,nan,nan,0.020475749857723713,pathampl,41,True,True,True,,-0.008403644812137234,1.8626331545872201,1.1626266021435974,0.9467926696223139
10,5,100624,0.5,0.01,0.006666666666666667,3,5,200,1,5,300,500,"dual,restricted_mcp",True,0.2206862918101251,0.008890421215999533,0.008890421210965227,0.008890421215999533,nan,0.008890421215999533,0.008890421212959104,1.2040882180208712e-11,nan,,1,True,True,True,,True,0.52944245794788,0.00863183706596371,0.00863183706596371,0.00786154173158099,nan,0.00863183706596371,nan,nan,0.022106250282377005,pathampl,13,True,True,True,,-0.00025858415003582325,2.3990727000089507,0.6684377120907508,1.2603004855153461
10,5,100625,0.5,0.01,0.006666666666666667,3,5,200,1,5,300,500,"dual,restricted_mcp",True,0.7470820839516819,0.0009676304147502313,0.0009676304147500092,0.0009676304147502313,nan,0.0009676304147502313,0.0009676304147465879,1.5276668818842154e-13,nan,,3,True,True,True,,True,0.33320445800200105,0.006328661494878984,0.000708994478063274,0.006328661494878984,nan,0.006328661494878984,nan,nan,0.019239291083067656,pathampl,8,True,True,True,,0.005361031080128753,0.44600782853675197,0.14403521726308666,0.047129642159271595
10,5,100626,0.5,0.01,0.006666666666666667,3,5,200,1,5,300,500,"dual,restricted_mcp",True,0.8827109578996897,0.0044674774370035975,0.004467477436978118,0.0044674774370035975,nan,0.0044674774370035975,0.004467477436978043,1.1191048088221578e-13,nan,,4,True,True,True,,True,0.38902470795437694,2.6916358031314758e-11,2.6916358031314758e-11,9.977574322306282e-12,nan,2.6916358031314758e-11,nan,nan,0.023446999955922365,pathampl,10,True,True,True,,-0.004467477410087239,0.440715847552201,0.09207398285755994,0.44555328563682206
10,5,100627,0.5,0.01,0.006666666666666667,3,5,200,1,5,300,500,"dual,restricted_mcp",True,5.082158999983221,0.008854454339432993,0.008854454339432771,0.008854454339432993,nan,0.008854454339432993,0.008854454339432475,6.661338147750939e-16,nan,,22,True,True,True,,False,0.3201686250977218,nan,nan,nan,nan,nan,nan,nan,nan,,,False,nan,nan,Cannot load a SolverResults object with bad status: error,nan,0.06299854551948864,nan,nan
10,5,100628,0.5,0.01,0.006666666666666667,3,5,200,1,5,300,500,"dual,restricted_mcp",True,0.19918591622263193,0.0015205042116519518,0.0015205042116037681,0.0015205042116519518,nan,0.0015205042116519518,0.0015205042115974353,1.8254842082399136e-13,nan,,1,True,True,True,,True,0.040779207833111286,0.0017716503355627022,0.0,0.0017716503355627022,nan,0.0017716503355627022,nan,nan,0.02598825003951788,pathampl,1,True,True,True,,0.0002511461239107504,0.20472937347403614,0.06349477049357355,0.6080790478366771
10,5,100629,0.5,0.01,0.006666666666666667,3,5,200,1,5,300,500,"dual,restricted_mcp",True,4.276303542312235,0.0,0.0,0.0,nan,0.0,0.0,2.4424906541753444e-15,nan,,23,True,True,True,,False,0.8343023750931025,nan,nan,nan,nan,nan,nan,nan,nan,,,False,nan,nan,Cannot load a SolverResults object with bad status: error,nan,0.19509896031421284,nan,nan
10,5,100630,0.5,0.01,0.006666666666666667,3,5,200,1,5,300,500,"dual,restricted_mcp",True,2.0961090000346303,0.0003318527775455493,0.000331852777534114,0.0003318527775455493,nan,0.0003318527775455493,0.000331852777527493,6.405986852087153e-14,nan,,11,True,True,True,,True,0.37001562491059303,0.0,0.0,0.0,nan,0.0,nan,nan,0.017161000054329634,pathampl,11,True,True,True,,-0.0003318527775455493,0.17652499221389722,0.07861282211597576,0.12231811907555354
10,5,100631,0.5,0.01,0.006666666666666667,3,5,200,1,5,300,500,"dual,restricted_mcp",True,4.665319750085473,1.0325074129013956e-13,2.020605904817785e-14,1.0325074129013956e-13,nan,1.0325074129013956e-13,0.0,3.0804248041249593e-12,nan,,21,True,True,True,,True,0.6906145829707384,3.3306690738754696e-16,3.3306690738754696e-16,1.1102230246251565e-16,nan,3.3306690738754696e-16,nan,nan,0.019076082855463028,pathampl,21,True,True,True,,-1.0291767438275201e-13,0.148031564815699,3.042573728345808e-11,7.164657755964754e-12
10,5,100632,0.5,0.01,0.006666666666666667,3,5,200,1,5,300,500,"dual,restricted_mcp",True,2.537116499617696,7.66053886991358e-15,7.66053886991358e-15,0.0,nan,7.66053886991358e-15,0.0,7.66053886991358e-15,nan,,11,True,True,True,,True,0.5541276251897216,0.0,0.0,0.0,nan,0.0,nan,nan,0.019680750090628862,pathampl,11,True,True,True,,-7.66053886991358e-15,0.21840842754884138,8.186084220060093e-13,1.8400760222382386e-16
10,10,101123,0.5,0.01,0.006666666666666667,4,5,200,1,5,300,500,"dual,restricted_mcp",True,0.8877590000629425,0.0033423717995092472,0.0033423717992927537,0.0033423717995092472,nan,0.0033423717995092472,0.0033423717990893314,8.751749325242031e-13,nan,,3,True,True,True,,True,0.17325450014322996,0.00522771090681351,0.00522771090681351,0.0,nan,0.00522771090681351,nan,nan,0.0201622499153018,pathampl,3,True,True,True,,0.0018853391073042625,0.1951593846200896,0.0,0.11479237516547831
10,10,101124,0.5,0.01,0.006666666666666667,4,5,200,1,5,300,500,"dual,restricted_mcp",True,0.2588555421680212,0.007435070444524516,0.007435070408146838,0.007435070444524516,nan,0.007435070444524516,0.00743507040739782,4.239864015431749e-11,nan,,1,True,True,True,,True,0.4831566666252911,0.004251273218505491,0.004251273218505491,0.0,nan,0.004251273218505491,nan,nan,0.021019707899540663,pathampl,12,True,True,True,,-0.003183797226019025,1.86651080590609,2.0,2.0
10,10,101125,0.5,0.01,0.006666666666666667,4,5,200,1,5,300,500,"dual,restricted_mcp",True,0.2263761251233518,0.007355602062349198,0.007355602062349198,0.00735560206234287,nan,0.007355602062349198,0.007355602062340948,3.1308289294429414e-14,nan,,1,True,True,True,,True,0.05081495875492692,0.008294560712952648,0.008294560712952648,0.0,nan,0.008294560712952648,nan,nan,0.02974941721186042,pathampl,1,True,True,True,,0.0009389586506034497,0.22447136917481014,0.014355633533698231,0.10762457529845983
10,10,101126,0.5,0.01,0.006666666666666667,4,5,200,1,5,300,500,"dual,restricted_mcp",True,2.014282917138189,0.006217775808024517,0.006217775807829895,0.006217775808024517,nan,0.006217775808024517,0.006217775807748598,1.992939147044126e-11,nan,,6,True,True,True,,True,0.3780179168097675,0.004792612115786188,0.004792612115786188,0.0,nan,0.004792612115786188,nan,nan,0.033868415746837854,pathampl,8,True,True,True,,-0.0014251636922383293,0.18766872994526504,1.5974235015822027,2.0
10,10,101127,0.5,0.01,0.006666666666666667,4,5,200,1,5,300,500,"dual,restricted_mcp",True,0.29999745776876807,0.0022397652661996226,0.0022397652661996226,0.0022397652661990675,nan,0.0022397652661996226,0.002239765266197127,2.3314683517128287e-15,nan,,1,True,True,True,,True,0.5156931253150105,0.0,0.0,0.0,nan,0.0,nan,nan,0.019250208046287298,pathampl,12,True,True,True,,-0.0022397652661996226,1.7189916512975796,2.0,2.0
10,10,101128,0.5,0.01,0.006666666666666667,4,5,200,1,5,300,500,"dual,restricted_mcp",True,0.8788119577802718,0.007654318884405931,0.007654318884405931,0.007654318884401934,nan,0.007654318884405931,0.007654318884405978,1.6930901125533637e-15,nan,,3,True,True,True,,True,0.8878730423748493,0.0073449166874528515,1.2271295091181855e-12,0.0073449166874528515,nan,0.0073449166874528515,nan,nan,0.018122542183846235,pathampl,21,True,True,True,,-0.00030940219695307913,1.0103106068532162,1.9999999999999913,1.897970291396764
10,10,101129,0.5,0.01,0.006666666666666667,4,5,200,1,5,300,500,"dual,restricted_mcp",True,0.32432912522926927,0.0027695438214553336,0.002769543804208907,0.0027695438214553336,nan,0.0027695438214553336,0.002769543804149051,3.472533371962072e-11,nan,,1,True,True,True,,True,0.04171054204925895,0.004712029719854294,0.0,0.004712029719854294,nan,0.004712029719854294,nan,nan,0.020704292226582766,pathampl,1,True,True,True,,0.0019424858983989601,0.1286056009301466,0.11263133994622909,1.8773205236486012e-14
10,10,101130,0.5,0.01,0.006666666666666667,4,5,200,1,5,300,500,"dual,restricted_mcp",True,1.8447115826420486,0.0025796230390607855,0.0025796230379212526,0.0025796230390607855,nan,0.0025796230390607855,0.0025796230384230825,4.321987212563272e-12,nan,,5,True,True,True,,True,0.8965860418975353,0.009284278651530142,0.009284278651530142,0.004074920824970629,nan,0.009284278651530142,nan,nan,0.04219358414411545,pathampl,21,True,True,True,,0.006704655612469357,0.4860304723697887,1.9999999999999998,1.9999999999999998
10,10,101131,0.5,0.01,0.006666666666666667,4,5,200,1,5,300,500,"dual,restricted_mcp",True,1.7870596661232412,0.0030860023975403106,0.003086002397433396,0.0030860023975403106,nan,0.0030860023975403106,0.003086002397528799,1.0769163338864018e-13,nan,,5,True,True,True,,True,0.18259254097938538,0.008798193222705919,0.008798193222705919,0.0,nan,0.008798193222705919,nan,nan,0.01943245902657509,pathampl,5,True,True,True,,0.005712190825165608,0.10217484309043391,0.16418926342599238,0.11800363269578783
10,10,101132,0.5,0.01,0.006666666666666667,4,5,200,1,5,300,500,"dual,restricted_mcp",True,0.774385541677475,0.008356956900721801,0.008356956900709034,0.008356956900721801,nan,0.008356956900721801,0.00835695690072062,2.1538326677728037e-14,nan,,3,True,True,True,,True,0.2986431671306491,0.004267505996665477,0.004267505996665477,0.0019002444412039576,nan,0.004267505996665477,nan,nan,0.024455499835312366,pathampl,7,True,True,True,,-0.004089450904056324,0.38565178590980387,2.0,2.0
