K,n,seed,gamma,eps,kappa,tau,small_time_s,small_success,small_eta,mcp_time_s,mcp_success,mcp_eta
5,5,50623,0.5,0.01,3,5,13.526267334120348,True,0.0033410127540486334,0.049105459125712514,True,4.884537219140839e-12
5,5,50624,0.5,0.01,3,5,400.36015512491576,False,0.031654258311644035,0.0654508750885725,True,3.3306690738754696e-16
5,5,50625,0.5,0.01,3,5,287.64773291698657,False,0.015930233897819057,0.0857452501077205,True,1.1102230246251565e-15
5,5,50626,0.5,0.01,3,5,0.40881008305586874,True,5.10702591327572e-15,0.0521456659771502,True,1.3322676295501878e-15
5,5,50627,0.5,0.01,3,5,423.2960522919893,False,0.02010270567864092,0.0695966249331832,True,2.573241619785449e-11
5,5,50628,0.5,0.01,3,5,141.11139916605316,True,0.006268146963101406,0.07907787500880659,True,4.996003610813204e-16
5,5,50629,0.5,0.01,3,5,0.2785036670975387,True,3.3306690738754696e-16,0.04766791709698737,True,4.440892098500626e-16
5,5,50630,0.5,0.01,3,5,0.17441800003871322,True,0.0013476765655562328,0.05056008300743997,True,2.220446049250313e-16
5,5,50631,0.5,0.01,3,5,2.7207983338739723,True,0.003903263120601297,0.050214583054184914,True,5.551115123125783e-16
5,5,50632,0.5,0.01,3,5,119.18748700013384,True,3.3306690738754696e-16,0.05266100005246699,True,2.220446049250313e-16
5,5,50633,0.5,0.01,3,5,7.617370249936357,True,0.009430053477477662,0.06386070908047259,True,6.661338147750939e-16
5,5,50634,0.5,0.01,3,5,0.7103151669725776,True,0.005762108809386657,0.05939087481237948,True,6.661338147750939e-16
5,5,50635,0.5,0.01,3,5,16.17459329101257,True,0.00895667515260834,0.05859095905907452,True,4.440892098500626e-16
5,5,50636,0.5,0.01,3,5,454.43413370801136,False,0.012584784138044647,0.05768858315423131,True,1.6653345369377348e-16
5,5,50637,0.5,0.01,3,5,0.3575071671511978,True,7.771561172376096e-16,0.05503333290107548,True,1.1102230246251565e-15
5,5,50638,0.5,0.01,3,5,4.513250041054562,True,1.3322676295501878e-15,0.05362374987453222,True,8.881784197001252e-16
5,5,50639,0.5,0.01,3,5,322.28356845886447,False,0.05070230263203457,0.05796766607090831,True,9.992007221626409e-16
5,5,50640,0.5,0.01,3,5,5.4941077078692615,True,4.440892098500626e-16,0.0591326248832047,True,4.440892098500626e-16
5,5,50641,0.5,0.01,3,5,407.8383906248491,False,0.011001119066705867,0.04299095808528364,True,9.992007221626409e-16
5,5,50642,0.5,0.01,3,5,3.9784500000532717,True,0.006063423442752791,0.08034791704267263,True,1.2212453270876722e-15
5,10,51123,0.5,0.01,4,5,13.939916666131467,True,0.0015618891479557417,0.28763250005431473,False,
5,10,51124,0.5,0.01,4,5,281.5133424170781,False,0.01737279035573769,0.06339862500317395,True,3.3306690738754696e-15
5,10,51125,0.5,0.01,4,5,1.3314634999260306,True,0.005829461666250868,0.10040175006724894,True,8.992806499463768e-15
5,10,51126,0.5,0.01,4,5,1.4717619998846203,True,0.0011357458306647805,0.09692987496964633,True,3.885780586188048e-15
5,10,51127,0.5,0.01,4,5,585.8918200000189,False,0.010189993850611367,0.05320945801213384,True,-2.8281821329301238e-12
5,10,51128,0.5,0.01,4,5,44.240022875135764,True,0.00013301021681688674,0.08684725011698902,True,1.2212453270876722e-15
5,10,51129,0.5,0.01,4,5,21.94462616601959,True,9.213853487954893e-07,0.10806658305227757,True,-8.081313396246514e-13
5,10,51130,0.5,0.01,4,5,5.153443457791582,True,0.006427403734806214,0.11069066706113517,True,1.5543122344752192e-15
5,10,51131,0.5,0.01,4,5,1.2089532089885324,True,0.001008942478744168,0.1089211250655353,True,1.3322676295501878e-15
5,10,51132,0.5,0.01,4,5,1.196649958845228,True,0.0025247576685741846,0.0949268750846386,True,1.9984014443252818e-15
5,10,51133,0.5,0.01,4,5,7.082426917040721,True,2.3314683517128287e-15,0.09720812505111098,True,1.9984014443252818e-15
5,10,51134,0.5,0.01,4,5,0.8222189170774072,True,1.1102230246251565e-15,0.1010060419794172,True,2.220446049250313e-15
5,10,51135,0.5,0.01,4,5,4.804307457990944,True,0.0054238642879916865,0.09872650005854666,True,4.884981308350689e-15
5,10,51136,0.5,0.01,4,5,33.22546512493864,True,0.008669232722441245,0.11472083302214742,True,1.6653345369377348e-15
5,10,51137,0.5,0.01,4,5,4.277797583024949,True,2.886579864025407e-15,0.10294508398510516,True,1.4432899320127035e-15
5,10,51138,0.5,0.01,4,5,7.716413291869685,True,8.881784197001252e-16,0.09032124979421496,True,1.3322676295501878e-15
5,10,51139,0.5,0.01,4,5,436.4003900839016,False,0.01778902584018638,0.15325770806521177,False,
5,10,51140,0.5,0.01,4,5,401.7543373750523,False,0.013186760709972933,0.06892800005152822,True,1.3631040740591516e-10
5,10,51141,0.5,0.01,4,5,12.495481707854196,True,1.4432899320127035e-15,0.11325541604310274,True,2.886579864025407e-15
5,10,51142,0.5,0.01,4,5,23.259777042083442,True,0.009586222911801778,0.1736600419972092,True,1.887379141862766e-15
5,20,52123,0.5,0.01,5,5,2.5768034169450402,True,0.009452207775504595,0.18680000002495944,True,8.881784197001252e-16
5,20,52124,0.5,0.01,5,5,364.09462075005285,True,0.005679329433128211,0.35924245812930167,False,
5,20,52125,0.5,0.01,5,5,35.365046499995515,True,0.005095742569830142,0.37267183302901685,False,
5,20,52126,0.5,0.01,5,5,112.73712941608392,True,0.003619363463828962,0.2505525001324713,True,-1.5634160632771454e-12
5,20,52127,0.5,0.01,5,5,131.73471324983984,True,0.0037926159357450917,0.4668544589076191,False,
5,20,52128,0.5,0.01,5,5,4.721504750195891,True,0.0031074991638835314,0.20832274993881583,True,1.4876988529977098e-14
5,20,52129,0.5,0.01,5,5,11.15087675000541,True,0.003453246015445055,0.4178256669547409,True,9.08965125390182e-11
5,20,52130,0.5,0.01,5,5,0.7405167501419783,True,0.00625427452888172,0.2391319170128554,True,3.4416913763379853e-15
5,20,52131,0.5,0.01,5,5,15.16181412502192,True,0.005649496201598492,0.18385625001974404,True,4.884981308350689e-15
5,20,52132,0.5,0.01,5,5,9.892532666912302,True,0.009368704510583026,0.2092122919857502,True,4.773959005888173e-15
5,20,52133,0.5,0.01,5,5,86.10142674995586,True,3.6637359812630166e-15,0.21046754205599427,True,3.1086244689504383e-15
5,20,52134,0.5,0.01,5,5,66.33104999992065,True,0.006738509319221153,0.33158966712653637,True,4.677314091594553e-11
5,20,52135,0.5,0.01,5,5,871.104147166945,False,0.014275366207225804,0.24764700001105666,True,1.9984014443252818e-15
5,20,52136,0.5,0.01,5,5,0.6522674169391394,True,0.006392758223295547,0.14356929110363126,True,1.3602452497707418e-12
5,20,52137,0.5,0.01,5,5,136.0275299581699,True,0.0065310411946524205,0.25635408400557935,True,-6.535594287981894e-11
5,20,52138,0.5,0.01,5,5,26.084941791836172,True,1.0103029524088925e-14,0.20157037512399256,True,3.774758283725532e-15
5,20,52139,0.5,0.01,5,5,4.112776207970455,True,1.1094791751986577e-10,0.18452204181812704,True,1.9984014443252818e-15
5,20,52140,0.5,0.01,5,5,12.687603541882709,True,0.007063192760845882,0.20675370818935335,True,2.3314683517128287e-15
5,20,52141,0.5,0.01,5,5,748.0958759170026,False,0.015975914107082212,0.362143584061414,True,8.739786672151695e-12
5,20,52142,0.5,0.01,5,5,136.9275972500909,True,0.008119745107268206,0.25068745808675885,True,7.66053886991358e-15
5,50,55123,0.5,0.01,8,5,598.5802754589822,True,0.008059722884648846,1.2713803751394153,True,5.662137425588298e-15
5,50,55124,0.5,0.01,8,5,33.609788374975324,True,0.007174495077161391,1.6143283329438418,False,
5,50,55125,0.5,0.01,8,5,441.0574790830724,True,0.000858918735688996,0.999975792132318,True,2.886579864025407e-14
5,50,55126,0.5,0.01,8,5,419.54054708289914,True,0.006862164678950178,2.1575123749207705,False,
5,50,55127,0.5,0.01,8,5,70.77715466707014,True,0.005555188700116953,0.911319833016023,True,2.1760371282653068e-14
5,50,55128,0.5,0.01,8,5,1384.4146188329905,True,0.004454190156971016,1.8456271251197904,True,8.348877145181177e-14
5,50,55129,0.5,0.01,8,5,141.29393254197203,True,0.00898573599773067,1.0480928330216557,True,4.884981308350689e-15
5,50,55130,0.5,0.01,8,5,1254.8029737500474,False,0.011214685400659063,1.249759707832709,False,
5,50,55131,0.5,0.01,8,5,145.8516799591016,True,0.0026086466527798224,1.0827839579433203,True,8.337774914934926e-14
5,50,55132,0.5,0.01,8,5,1158.361680333037,False,0.010011324603099392,0.5868190829642117,True,4.773959005888173e-15
5,50,55133,0.5,0.01,8,5,199.22206779196858,True,0.0043312473957382025,1.7867657081224024,False,
5,50,55134,0.5,0.01,8,5,1382.4016513340175,False,0.012498972614348958,0.8802355001680553,False,
5,50,55135,0.5,0.01,8,5,383.2780521248933,True,3.319566843629218e-14,1.2820162088610232,True,3.2307490016592055e-14
5,50,55136,0.5,0.01,8,5,1397.041992665967,True,0.00671920460499742,0.6317342908587307,True,8.826273045769994e-14
5,50,55137,0.5,0.01,8,5,34.343042167136446,True,0.006787227220200309,1.0921575829852372,True,1.432187701766452e-14
5,50,55138,0.5,0.01,8,5,1515.9202877918724,False,0.015193980862926448,0.5697532498743385,True,2.55351295663786e-15
5,50,55139,0.5,0.01,8,5,458.2810799588915,True,0.009383206717242465,1.8089423750061542,False,
5,50,55140,0.5,0.01,8,5,739.3428001659922,True,0.0071349062250225526,1.5745461250189692,False,
5,50,55141,0.5,0.01,8,5,8.468201915966347,True,0.008249500516081754,1.9896642088424414,False,
5,50,55142,0.5,0.01,8,5,534.6879056659527,True,0.008056193376449139,1.9766060409601778,False,
10,5,100623,0.5,0.01,3,5,23.79339133296162,True,0.0007492135832614655,0.09707037499174476,True,4.440892098500626e-16
10,5,100624,0.5,0.01,3,5,10.59616170800291,True,0.0022325422719271515,0.08999383402988315,True,7.216449660063518e-16
10,5,100625,0.5,0.01,3,5,2.9687012911308557,True,0.008514541176034673,0.09099458390846848,True,5.551115123125783e-16
10,5,100626,0.5,0.01,3,5,0.4275843750219792,True,0.0010613497390093984,0.14578841696493328,True,5.551115123125783e-16
10,5,100627,0.5,0.01,3,5,88.50530716590583,True,0.0030641678227228963,0.11152141611091793,True,1.4432899320127035e-15
10,5,100628,0.5,0.01,3,5,33.69443087489344,True,0.005280751122360705,0.09363258397206664,True,2.6645352591003757e-15
10,5,100629,0.5,0.01,3,5,3.6401409588288516,True,7.771561172376096e-16,0.09107479196973145,True,4.440892098500626e-16
10,5,100630,0.5,0.01,3,5,24.274694040883332,True,0.0031165994141078013,0.11029429105110466,True,3.885780586188048e-16
10,5,100631,0.5,0.01,3,5,115.18754933401942,True,0.0052538697128607925,0.08795208390802145,True,4.1967651576158005e-11
10,5,100632,0.5,0.01,3,5,3.0285621671937406,True,0.009526818048609331,0.09466420812532306,True,5.551115123125783e-16
10,5,100633,0.5,0.01,3,5,16.408036000095308,True,3.741204198937087e-05,0.09160433290526271,True,5.551115123125783e-16
10,5,100634,0.5,0.01,3,5,4.318775207968429,True,0.0018139032570159141,0.091830083867535,True,3.3306690738754696e-16
10,5,100635,0.5,0.01,3,5,7.745168916881084,True,9.992007221626409e-16,0.1273972501512617,True,-2.4196422643285587e-11
10,5,100636,0.5,0.01,3,5,5.864284083945677,True,0.009087204735629628,0.12160404212772846,True,7.216449660063518e-16
10,5,100637,0.5,0.01,3,5,10.327692999970168,True,0.0007834738867248392,0.09422287507914007,True,1.8174350913113813e-13
10,5,100638,0.5,0.01,3,5,86.84724595909938,True,0.008170757324618694,0.09013691707514226,True,-1.3502532425491154e-12
10,5,100639,0.5,0.01,3,5,53.76941420789808,True,0.003954793761323239,0.0972355839330703,True,1.2212453270876722e-15
10,5,100640,0.5,0.01,3,5,0.14174770819954574,True,5.551115123125783e-16,0.05310437502339482,True,8.881784197001252e-16
10,5,100641,0.5,0.01,3,5,16.89890829101205,True,0.00639789582735828,0.12873125006444752,True,9.992007221626409e-16
10,5,100642,0.5,0.01,3,5,1.7793060408439487,True,0.005136877118353533,0.10557862487621605,True,4.34187408249187e-10
10,10,101123,0.5,0.01,4,5,4.153984209056944,True,0.005430973097001912,0.15920491702854633,True,8.881784197001252e-16
10,10,101124,0.5,0.01,4,5,107.48877587495372,True,0.005719656354014946,0.15797245781868696,True,-7.570610804918942e-13
10,10,101125,0.5,0.01,4,5,388.50481424992904,True,0.009916600756206706,0.06931420811451972,True,2.4424906541753444e-15
10,10,101126,0.5,0.01,4,5,14.196622832911089,True,0.008217889950915325,0.19316108315251768,True,1.9984014443252818e-15
10,10,101127,0.5,0.01,4,5,23.36220358288847,True,0.007348967873757828,0.20817587501369417,True,7.771561172376096e-16
10,10,101128,0.5,0.01,4,5,18.527183917118236,True,3.8546943414985435e-13,0.16390083287842572,True,1.6653345369377348e-15
10,10,101129,0.5,0.01,4,5,257.8740364580881,True,0.002213296557167954,0.18172679212875664,True,2.0650148258027912e-14
10,10,101130,0.5,0.01,4,5,17.880371834151447,True,0.005918808982432577,0.18609595787711442,True,1.6653345369377348e-15
10,10,101131,0.5,0.01,4,5,100.77417874988168,True,0.00843187227368103,0.21170354215428233,True,8.881784197001252e-16
10,10,101132,0.5,0.01,4,5,13.01074400008656,True,0.009276991058392303,0.3637524170335382,True,1.1102230246251565e-15
10,10,101133,0.5,0.01,4,5,273.26681383303367,True,0.005545536267390405,0.11076645785942674,True,1.887379141862766e-15
10,10,101134,0.5,0.01,4,5,309.93927979120053,True,0.009855093476400345,0.08686791709624231,True,-2.2082335959794364e-12
10,10,101135,0.5,0.01,4,5,19.73367958399467,True,0.007919112521954152,0.184271042002365,True,-1.0587641874337805e-12
10,10,101136,0.5,0.01,4,5,2.8621615420561284,True,0.009220119720659614,0.15306533314287663,True,1.6653345369377348e-15
10,10,101137,0.5,0.01,4,5,82.69138487498276,True,0.009363347339224837,0.28846150008030236,False,
10,10,101138,0.5,0.01,4,5,41.5171266249381,True,0.005407770271310008,0.2533520828001201,True,3.166505946339271e-11
10,10,101139,0.5,0.01,4,5,1.3515254580415785,True,8.881784197001252e-16,0.15716283302754164,True,1.1102230246251565e-15
10,10,101140,0.5,0.01,4,5,0.2804730418138206,True,0.0038945586472174387,0.15861933305859566,True,9.992007221626409e-16
10,10,101141,0.5,0.01,4,5,2.5894054579548538,True,0.002583188005071513,0.16553308302536607,True,1.1102230246251565e-15
10,10,101142,0.5,0.01,4,5,29.22938320785761,True,1.6653345369377348e-15,0.16271233395673335,True,1.694466789103899e-11
10,20,102123,0.5,0.01,5,5,131.84675741707906,True,0.008543903192921087,0.41607087501324713,True,2.3314683517128287e-15
10,20,102124,0.5,0.01,5,5,16.752771999919787,True,1.6775469902086115e-13,0.4267254169099033,True,1.5543122344752192e-15
10,20,102125,0.5,0.01,5,5,160.38536695810035,True,0.007522428272061621,0.4582407921552658,True,2.55351295663786e-15
10,20,102126,0.5,0.01,5,5,44.53817483317107,True,0.003114813008550543,0.43810866703279316,True,7.216449660063518e-15
10,20,102127,0.5,0.01,5,5,129.84505291678943,True,0.003499440251806485,0.45444979215972126,True,4.3298697960381105e-15
10,20,102128,0.5,0.01,5,5,238.08192929206416,True,0.008726037279515708,0.41966100013814867,True,-1.6930901125533637e-13
10,20,102129,0.5,0.01,5,5,17.881419083103538,True,0.006525788020059986,0.4154450420755893,True,7.771561172376096e-16
10,20,102130,0.5,0.01,5,5,116.23007054114714,True,0.007823885841251266,0.4005935408640653,True,2.3314683517128287e-15
10,20,102131,0.5,0.01,5,5,853.9610988330096,False,0.015026130166172602,0.35935700009576976,True,4.107825191113079e-15
10,20,102132,0.5,0.01,5,5,34.39396662497893,True,0.005707696622601288,0.42081579216755927,True,1.4432899320127035e-15
10,20,102133,0.5,0.01,5,5,317.7528953750152,True,0.00532754835188598,0.5273437919095159,True,2.1094237467877974e-15
10,20,102134,0.5,0.01,5,5,714.3478745839093,True,0.005300344779249011,0.724099125014618,False,
10,20,102135,0.5,0.01,5,5,24.37186445808038,True,1.0880185641326534e-14,0.4656710419803858,True,8.659739592076221e-15
10,20,102136,0.5,0.01,5,5,210.0697213341482,True,0.006268260107551216,0.4726942088454962,True,2.55351295663786e-15
10,20,102137,0.5,0.01,5,5,181.80173466703855,True,2.3607120381186064e-05,0.6870760410092771,False,
10,20,102138,0.5,0.01,5,5,167.60171225015074,True,4.877320769480775e-11,3.644654083997011,False,
10,20,102139,0.5,0.01,5,5,28.212442958028987,True,0.0004817493187273536,0.40839808294549584,True,3.915745505622681e-11
10,20,102140,0.5,0.01,5,5,460.886178500019,True,0.009111442838548256,0.5632579999510199,True,1.9984014443252818e-15
10,20,102141,0.5,0.01,5,5,9.863288959022611,True,0.004315695685012666,0.4120929171331227,True,1.3322676295501878e-15
10,20,102142,0.5,0.01,5,5,33.62416937481612,True,8.590714438805325e-05,0.4147835420444608,True,1.2212453270876722e-15
10,50,105123,0.5,0.01,8,5,1160.9065566249192,False,0.013065301734795587,1.59268091712147,False,
10,50,105124,0.5,0.01,8,5,858.2038922919892,False,0.011002822546818392,1.1497319580521435,True,7.216449660063518e-15
10,50,105125,0.5,0.01,8,5,39.37192383292131,True,0.009465426237841412,3.7826717500574887,False,
10,50,105126,0.5,0.01,8,5,637.4844867498614,True,0.005088764800533885,1.6799342499580234,True,-4.893196958732915e-12
10,50,105127,0.5,0.01,8,5,1119.9804713341873,False,0.01941519164662786,3.6511368330102414,False,
10,50,105128,0.5,0.01,8,5,589.3925348329358,True,0.008264555045412125,2.178250583121553,True,2.3532509274559743e-11
10,50,105129,0.5,0.01,8,5,519.5191612499766,True,0.0077479272153806455,2.240431417012587,True,9.547918011776346e-15
10,50,105130,0.5,0.01,8,5,1078.3273713330273,False,0.02770275561080504,4.1955872918479145,False,
10,50,105131,0.5,0.01,8,5,1893.5093122909311,False,0.012007270033737805,2.106178792193532,True,8.215650382226158e-15
10,50,105132,0.5,0.01,8,5,265.08551604207605,True,0.004230640458773749,2.4295330829918385,True,1.687538997430238e-14
10,50,105133,0.5,0.01,8,5,1078.6681224580389,False,0.01046457010950641,3.543711582897231,False,
10,50,105134,0.5,0.01,8,5,117.28087354195304,True,0.006426344903535441,4.371378416894004,False,
10,50,105135,0.5,0.01,8,5,512.99306241679,True,0.0062787991116251,3.802344833035022,False,
10,50,105136,0.5,0.01,8,5,1172.4619277080055,False,0.011095608625504294,2.0989134169649333,True,7.216449660063518e-15
10,50,105137,0.5,0.01,8,5,463.16062679118477,True,0.008130477587654839,3.887249124934897,False,
10,50,105138,0.5,0.01,8,5,1005.6321922501083,True,0.005747154898269935,1.9249120000749826,True,2.631228568361621e-14
10,50,105139,0.5,0.01,8,5,1138.3599524158053,False,0.01682357760402664,2.8653491670265794,False,
10,50,105140,0.5,0.01,8,5,1034.891123832902,False,0.034768646470015874,1.4020871249958873,True,1.7763568394002505e-15
10,50,105141,0.5,0.01,8,5,158.98016491695307,True,0.005654384176043581,3.7368188749533147,False,
10,50,105142,0.5,0.01,8,5,593.6076866670046,True,0.005982304329687493,2.697984040947631,False,
30,5,300623,0.5,0.01,3,6,3.3531481670215726,True,0.0006309944518997357,0.19533416698686779,True,2.3314683517128287e-15
30,5,300624,0.5,0.01,3,6,47.2522885419894,True,0.009927109139581614,0.3642782079987228,True,3.5885738824958935e-12
30,5,300625,0.5,0.01,3,6,535.0670516670216,True,0.008174818283166019,0.09280308289453387,True,3.4329095122132e-11
30,5,300626,0.5,0.01,3,6,5.915862082969397,True,0.0009908343054142454,0.16675833286717534,True,3.3306690738754696e-16
30,5,300627,0.5,0.01,3,6,0.8003767500631511,True,0.004754024445230265,0.15936320810578763,True,4.440892098500626e-16
30,5,300628,0.5,0.01,3,6,1.791220584185794,True,0.004367740965310896,0.16134279104880989,True,-4.96713781217295e-13
30,5,300629,0.5,0.01,3,6,11.404620958026499,True,0.0033673150826442066,0.19244854198768735,True,-6.756817327868703e-13
30,5,300630,0.5,0.01,3,6,10.742003791965544,True,0.0026014505519610376,0.5122352920006961,True,2.220446049250313e-16
30,5,300631,0.5,0.01,3,6,37.88627858296968,True,0.005127897606696574,0.21845270902849734,True,-4.0181191707233666e-12
30,5,300632,0.5,0.01,3,6,25.693077583098784,True,0.005726151642021504,0.1627342919819057,True,4.440892098500626e-16
30,5,300633,0.5,0.01,3,6,6.364551583072171,True,0.007711880647078839,0.14425712497904897,True,1.1102230246251565e-16
30,5,300634,0.5,0.01,3,6,437.77447562501766,True,0.004743160690169668,0.10186870815232396,True,-1.1343148642595224e-11
30,5,300635,0.5,0.01,3,6,22.828793874941766,True,3.8037295535531257e-10,0.1772538749501109,True,3.3306690738754696e-16
30,5,300636,0.5,0.01,3,6,17.819483666913584,True,0.005149794970940369,0.16670179180800915,True,8.881784197001252e-16
30,5,300637,0.5,0.01,3,6,90.20524050015956,True,0.008818119847413874,0.1683688338380307,True,-1.892930256985892e-13
30,5,300638,0.5,0.01,3,6,67.46519433404319,True,0.008507193217779596,0.31485399999655783,True,1.9852453014834737e-11
30,5,300639,0.5,0.01,3,6,2.1949431670363992,True,0.008437594137085447,0.18616670812480152,True,-4.812816811750054e-13
30,5,300640,0.5,0.01,3,6,6.38331533386372,True,0.007063450381098291,0.17672900017350912,True,5.551115123125783e-16
30,5,300641,0.5,0.01,3,6,1.4232793748378754,True,0.004658890962767281,0.15405420796014369,True,6.661338147750939e-16
30,5,300642,0.5,0.01,3,6,3.579684166936204,True,0.0052839405152610985,0.1495970410760492,True,0.0
30,10,301123,0.5,0.01,4,6,35.125887874979526,True,0.008462722841653225,1.9650443329010159,False,
30,10,301124,0.5,0.01,4,6,151.23520074994303,True,0.0061057054311477454,0.3507112502120435,True,-9.815259716106084e-12
30,10,301125,0.5,0.01,4,6,2.926372291985899,True,0.0015038401225010434,0.4145150410477072,True,8.881784197001252e-16
30,10,301126,0.5,0.01,4,6,299.4560111248866,True,0.007259776387186334,1.0188075411133468,False,
30,10,301127,0.5,0.01,4,6,29.317545416997746,True,0.0065374621111303766,0.3998319578822702,True,4.440892098500626e-16
30,10,301128,0.5,0.01,4,6,60.25885216705501,True,0.009668901818269404,0.46394137502647936,True,-1.4241940959891508e-12
30,10,301129,0.5,0.01,4,6,302.15458233398385,True,0.006619610221157202,0.5037364999298006,True,-5.7125415509062805e-12
30,10,301130,0.5,0.01,4,6,10.531172666000202,True,0.009868471263796419,0.9892312081065029,False,
30,10,301131,0.5,0.01,4,6,381.7180420830846,True,0.009770921110099251,0.16952912509441376,True,-1.1595169269185135e-12
30,10,301132,0.5,0.01,4,6,13.726921291090548,True,0.0013006483466617702,0.35713191609829664,True,-2.973177259946169e-13
30,10,301133,0.5,0.01,4,6,183.7800594160799,True,0.007637806741985664,0.31228379206731915,True,1.1334488903003148e-11
30,10,301134,0.5,0.01,4,6,77.9520353327971,True,0.009335006536521084,1.233362124999985,False,
30,10,301135,0.5,0.01,4,6,0.9760466669686139,True,0.0048764227120950965,0.5165143748745322,True,8.881784197001252e-16
30,10,301136,0.5,0.01,4,6,8.552915208041668,True,0.009397354419697024,0.3788746672216803,True,-6.012856879067385e-12
30,10,301137,0.5,0.01,4,6,195.08846387499943,True,0.004163661378701167,0.42118229204788804,True,1.2212453270876722e-15
30,10,301138,0.5,0.01,4,6,63.85552295809612,True,0.003667070178434595,0.4035073749255389,True,1.1102230246251565e-15
30,10,301139,0.5,0.01,4,6,8.219660124974325,True,0.0059695489251708755,0.39795349980704486,True,6.661338147750939e-16
30,10,301140,0.5,0.01,4,6,10.687199582811445,True,0.004656244550713007,0.438312083017081,True,8.881784197001252e-16
30,10,301141,0.5,0.01,4,6,4.464664417086169,True,0.0005561489399441566,0.3253719999920577,True,1.4432899320127035e-15
30,10,301142,0.5,0.01,4,6,117.00751037499867,True,0.003731094484596076,0.36198258283548057,True,-6.5503158452884236e-15
30,20,302123,0.5,0.01,5,6,838.225487583084,False,0.012206015122176561,1.1908014160580933,True,-3.295252959389927e-12
30,20,302124,0.5,0.01,5,6,356.41602983279154,True,0.004791600764127324,2.9278872499708086,False,
30,20,302125,0.5,0.01,5,6,153.6341121250298,True,0.008031037478792302,3.8392900838516653,False,
30,20,302126,0.5,0.01,5,6,820.4134225419257,False,0.01466347991416761,2.2180160828866065,False,
30,20,302127,0.5,0.01,5,6,536.1264413339086,True,0.0053511676750901405,2.028540208004415,False,
30,20,302128,0.5,0.01,5,6,799.7402940001339,False,0.010243292792109004,1.8508702090475708,True,-1.848410313698423e-12
30,20,302129,0.5,0.01,5,6,979.726212291047,False,0.01367773019999452,1.7038041669875383,False,
30,20,302130,0.5,0.01,5,6,724.4912057500333,False,0.011509256430474624,3.3220700828824192,False,
30,20,302131,0.5,0.01,5,6,117.0581593750976,True,0.00715190001212862,1.0826560829300433,True,8.881784197001252e-16
30,20,302132,0.5,0.01,5,6,584.8629792500287,True,0.008438403945483786,0.7360346249770373,True,9.992007221626409e-16
30,20,302133,0.5,0.01,5,6,39.29120458289981,True,0.009130580419152934,1.138881041901186,True,1.1102230246251565e-15
30,20,302134,0.5,0.01,5,6,321.96344120800495,True,0.0078111908093906335,0.76068912493065,True,-7.722711359292589e-13
30,20,302135,0.5,0.01,5,6,97.17911858297884,True,0.002362245255021378,3.105238707968965,False,
30,20,302136,0.5,0.01,5,6,594.699871083023,False,0.01621093370286486,0.893614917062223,False,
30,20,302137,0.5,0.01,5,6,181.4741402079817,True,0.006722125902415943,1.3067777079995722,True,-1.5186296664637666e-11
30,20,302138,0.5,0.01,5,6,10.92309020808898,True,0.006057358590780604,2.0916997911408544,False,
30,20,302139,0.5,0.01,5,6,489.58674470800906,True,0.008759761408920763,2.0610344999004155,False,
30,20,302140,0.5,0.01,5,6,122.23785070795566,True,0.006304216458492107,1.1399897921364754,True,-4.589661983800397e-13
30,20,302141,0.5,0.01,5,6,835.0732322921976,False,0.0136013324445039,1.1392521657980978,True,6.661338147750939e-16
30,20,302142,0.5,0.01,5,6,117.35279649985023,True,0.0021429622844602036,1.098353249952197,True,5.248024237403115e-13
30,50,305123,0.5,0.01,8,6,1265.0655604579952,False,,12.4199287078809,False,
30,50,305124,0.5,0.01,8,6,1211.493778207805,False,0.015290455215955512,7.111192625015974,True,-9.441336601412331e-13
30,50,305125,0.5,0.01,8,6,1284.0366776250303,False,0.013106650200922054,10.493452416965738,False,
30,50,305126,0.5,0.01,8,6,1281.467148374999,False,,11.093310125172138,False,
30,50,305127,0.5,0.01,8,6,1285.7759692498948,False,0.022140700653416223,11.194701749831438,False,
30,50,305128,0.5,0.01,8,6,1272.9276883748826,False,0.03667233156348482,10.901603416074067,False,
30,50,305129,0.5,0.01,8,6,1564.5382634161506,False,0.021362321163205134,10.809453500201926,False,
30,50,305130,0.5,0.01,8,6,1287.0864368330222,False,0.035935218027705274,6.380937916925177,True,7.510658761589184e-13
30,50,305131,0.5,0.01,8,6,1461.4929798750672,False,0.03262496134023507,10.966268999967724,False,
30,50,305132,0.5,0.01,8,6,1255.119739916874,False,,10.420682791853324,False,
30,50,305133,0.5,0.01,8,6,1262.9972594170831,False,0.038043632677681516,10.317712457850575,False,
30,50,305134,0.5,0.01,8,6,1294.2040961668827,False,0.029590258640137868,10.825981125002727,False,
30,50,305135,0.5,0.01,8,6,1502.6515670421068,False,0.052898392873448885,6.648919665953144,True,-5.393796520536398e-12
30,50,305136,0.5,0.01,8,6,1185.5909096668474,False,0.010284612534149362,6.10499516595155,True,4.3298697960381105e-15
30,50,305137,0.5,0.01,8,6,1435.3356046250556,False,0.020832374443657486,10.65782616706565,False,
30,50,305138,0.5,0.01,8,6,1368.3071429161355,False,0.017353949246456946,34.664636083180085,False,
30,50,305139,0.5,0.01,8,6,1227.10272479197,False,,9.315996000077575,False,
30,50,305140,0.5,0.01,8,6,1035.6174643330742,False,,7.251416041981429,False,
30,50,305141,0.5,0.01,8,6,899.9429509579204,False,0.02613298018223731,4.89930570917204,False,
30,50,305142,0.5,0.01,8,6,831.2317307500634,False,0.016819465703028613,2.5965464590117335,True,4.218847493575595e-15
100,5,1000623,0.5,0.01,3,10,7.441172665916383,True,0.005465989096588686,2.1053004171699286,True,1.6653345369377348e-16
100,5,1000624,0.5,0.01,3,10,200.21188516588882,True,0.004878573186713031,0.799612500006333,True,-6.930456208920077e-12
100,5,1000625,0.5,0.01,3,10,6.717874167021364,True,0.009230292561851261,0.8012314578518271,True,-9.085099339500857e-11
100,5,1000626,0.5,0.01,3,10,25.39552062493749,True,0.007807455726586809,2.1410196248907596,True,-7.686906666748428e-12
100,5,1000627,0.5,0.01,3,10,16.946560750016943,True,0.009839136743312271,1.3997770000714809,True,-1.7579271371914729e-12
100,5,1000628,0.5,0.01,3,10,75.87545883422717,True,0.004044633240722517,1.4519251661840826,True,5.551115123125783e-17
100,5,1000629,0.5,0.01,3,10,7.453063583001494,True,0.00851852614304821,1.175557583104819,True,-4.112199469830102e-11
100,5,1000630,0.5,0.01,3,10,17.02818191703409,True,0.0052627407910437185,0.87289445893839,True,-7.658595979620486e-12
100,5,1000631,0.5,0.01,3,10,19.681367458077148,True,0.009914017404431374,0.637393832905218,True,-6.457168133522373e-12
100,5,1000632,0.5,0.01,3,10,4.131576082902029,True,0.008822987955755979,0.4504297499079257,True,-1.1891598816760052e-12
100,5,1000633,0.5,0.01,3,10,21.2356345418375,True,0.007894660397761988,0.4487279581371695,True,-2.625177852877414e-12
100,5,1000634,0.5,0.01,3,10,17.2158396251034,True,0.004145148112358443,0.460011042188853,True,1.1102230246251565e-16
100,5,1000635,0.5,0.01,3,10,22.729749500053003,True,0.006472907519932458,3.2557530000340194,False,
100,5,1000636,0.5,0.01,3,10,11.491523333126679,True,0.006176389518725234,0.9307855409570038,True,2.220446049250313e-16
100,5,1000637,0.5,0.01,3,10,3.5375213748775423,True,0.005379273017133479,1.2375322501175106,True,-1.1177725411926076e-12
100,5,1000638,0.5,0.01,3,10,27.837882791878656,True,0.00955242878105117,1.0443413748871535,True,4.440892098500626e-16
100,5,1000639,0.5,0.01,3,10,2.6162267921026796,True,0.0053672121329925715,0.4057892500422895,True,2.7755575615628914e-16
100,5,1000640,0.5,0.01,3,10,4.853982500033453,True,0.006463118721429073,1.3934086670633405,True,-3.198508125024091e-11
100,5,1000641,0.5,0.01,3,10,10.380568332970142,True,0.0086032435104193,0.6825101249851286,True,-4.592826119420579e-12
100,5,1000642,0.5,0.01,3,10,42.28203408420086,True,0.0069775357996622045,3.435635833069682,False,
100,10,1001123,0.5,0.01,4,10,28.088978625135496,True,0.008477664838398069,1.517068749992177,True,-1.4204193377054253e-12
100,10,1001124,0.5,0.01,4,10,4.581540333107114,True,0.003582592982411703,1.369580167112872,True,-4.264033570677839e-12
100,10,1001125,0.5,0.01,4,10,25.95819374988787,True,0.006620615725569934,3.1879988750442863,False,
100,10,1001126,0.5,0.01,4,10,83.0618521659635,True,0.006185808693879524,0.5847564169671386,True,-8.302247778146921e-13
100,10,1001127,0.5,0.01,4,10,10.36539866705425,True,0.0040004819562184935,1.4579443340189755,True,-4.232281192173559e-12
100,10,1001128,0.5,0.01,4,10,11.89687604084611,True,0.0067680757246531,1.0197773340623826,True,5.551115123125783e-16
100,10,1001129,0.5,0.01,4,10,100.06359183299355,True,0.009967153212705249,6.143441582797095,False,
100,10,1001130,0.5,0.01,4,10,107.0058714589104,True,0.007787605106228668,4.582279124995694,False,
100,10,1001131,0.5,0.01,4,10,5.771566207986325,True,0.004925587338754145,1.2268252498470247,True,5.551115123125783e-16
100,10,1001132,0.5,0.01,4,10,3.812441292218864,True,0.007950131618865375,1.497441624989733,True,-4.945766018948916e-11
100,10,1001133,0.5,0.01,4,10,44.76081654219888,True,0.007955863785939266,1.3372037089429796,True,3.3306690738754696e-16
100,10,1001134,0.5,0.01,4,10,75.65811966685578,True,0.009674882606307889,6.141082832822576,False,
100,10,1001135,0.5,0.01,4,10,4.245442375075072,True,0.008657572507932643,4.2241632079239935,False,
100,10,1001136,0.5,0.01,4,10,68.83367420895956,True,0.008571167169318938,3.504399250028655,True,4.440892098500626e-16
100,10,1001137,0.5,0.01,4,10,214.86937387497164,True,0.00929284326787938,3.1215622080489993,True,-2.5790480862042386e-13
100,10,1001138,0.5,0.01,4,10,8.802956625120714,True,0.006734298120392612,1.3647307909559458,True,4.440892098500626e-16
100,10,1001139,0.5,0.01,4,10,138.4835660001263,True,0.008835021450238623,7.110858124913648,False,
100,10,1001140,0.5,0.01,4,10,75.06062541692518,True,0.0044771993035860325,1.5887907079886645,True,-4.3770098656636947e-11
100,10,1001141,0.5,0.01,4,10,32.06625320785679,True,0.008889080164843799,1.500956250121817,True,-1.2889689315898067e-13
100,10,1001142,0.5,0.01,4,10,102.29532354185358,True,0.0037750927336038242,6.140879957936704,False,
100,20,1002123,0.5,0.01,5,10,235.59938712511212,True,0.008158952054390656,3.5026558751706034,True,5.551115123125783e-16
100,20,1002124,0.5,0.01,5,10,998.2010305421427,False,0.010719132345262783,6.6124385830480605,False,
100,20,1002125,0.5,0.01,5,10,209.0711954170838,True,0.00840966448478353,3.540209708036855,True,-4.755085214469545e-13
100,20,1002126,0.5,0.01,5,10,497.52327387500554,True,0.009089598791191644,7.81386329093948,False,
100,20,1002127,0.5,0.01,5,10,974.8944898748305,False,0.011551725422726866,6.0495701669715345,False,
100,20,1002128,0.5,0.01,5,10,343.76124516595155,True,0.005035926310732797,8.885408916976303,False,
100,20,1002129,0.5,0.01,5,10,298.10537220793776,True,0.009815973818384727,10.75894633308053,False,
100,20,1002130,0.5,0.01,5,10,553.617733291816,True,0.007837654377576886,6.464304042048752,False,
100,20,1002131,0.5,0.01,5,10,1328.4898832500912,False,0.012562298597391719,9.242589292116463,False,
100,20,1002132,0.5,0.01,5,10,98.83753550006077,True,0.00920302998464434,10.652327458141372,False,
100,20,1002133,0.5,0.01,5,10,66.93485212512314,True,0.009682684626915683,8.002909374888986,False,
100,20,1002134,0.5,0.01,5,10,1576.073441375047,False,0.010277278633052722,11.439048833912238,False,
100,20,1002135,0.5,0.01,5,10,1144.9008446249645,True,0.005037120248031601,10.122859375085682,False,
100,20,1002136,0.5,0.01,5,10,170.2202767918352,True,0.009811322497961572,8.889240791089833,False,
100,20,1002137,0.5,0.01,5,10,1340.75002804189,False,0.010241305516544896,3.7260773750022054,True,3.3306690738754696e-16
100,20,1002138,0.5,0.01,5,10,624.113611958921,True,0.008039925175048257,11.297228415962309,False,
100,20,1002139,0.5,0.01,5,10,361.20350862503983,True,0.008610125303822658,16.12757429201156,False,
100,20,1002140,0.5,0.01,5,10,221.702463041991,True,0.009159818421956567,14.070905292173848,False,
100,20,1002141,0.5,0.01,5,10,1293.0839275000617,False,0.010695487833682793,7.790360499871895,False,
100,20,1002142,0.5,0.01,5,10,13.710768457967788,True,0.009038016008640293,9.947495041880757,False,
100,50,1005123,0.5,0.01,8,10,2368.8162334170192,False,,36.71774520794861,False,
100,50,1005124,0.5,0.01,8,10,2220.4369577080943,False,,37.548064625123516,False,
100,50,1005125,0.5,0.01,8,10,2092.771938458085,False,,34.501528665889055,False,
100,50,1005126,0.5,0.01,8,10,1955.8169748340733,False,,34.43476774985902,False,
100,50,1005127,0.5,0.01,8,10,1977.466656500008,False,,45.51972824987024,False,
100,50,1005128,0.5,0.01,8,10,1938.513602042105,False,,38.83449508319609,False,
100,50,1005129,0.5,0.01,8,10,2186.4322357079946,False,0.0189933052566571,32.37573320791125,False,
100,50,1005130,0.5,0.01,8,10,1861.7637819589581,False,,37.51458974997513,False,
100,50,1005131,0.5,0.01,8,10,1923.9284117089119,False,,43.77465541707352,False,
100,50,1005132,0.5,0.01,8,10,2138.735717416974,False,,20.054295958019793,False,
100,50,1005133,0.5,0.01,8,10,1939.661164500052,False,0.012760430228836883,23.9148355408106,False,
100,50,1005134,0.5,0.01,8,10,1666.1196677500848,False,,15.676329750102013,False,
100,50,1005135,0.5,0.01,8,10,1955.5729660000652,False,0.036775219628994826,37.74326633429155,False,
100,50,1005136,0.5,0.01,8,10,2320.9754811250605,False,,31.026084208860993,False,
100,50,1005137,0.5,0.01,8,10,2135.680938291829,False,0.021623916360798634,37.46844574995339,False,
100,50,1005138,0.5,0.01,8,10,1931.5492945422884,False,,36.29166004201397,False,
100,50,1005139,0.5,0.01,8,10,2207.8586609996855,False,0.013484861117295188,34.33713187510148,False,
100,50,1005140,0.5,0.01,8,10,2091.700793915894,False,,35.899019457865506,False,
100,50,1005141,0.5,0.01,8,10,1176.467828458175,False,0.024439781843114572,13.86729708313942,False,
100,50,1005142,0.5,0.01,8,10,1128.5854974579997,False,,20.823290791828185,False,
250,5,2500623,0.5,0.01,3,16,32.67673729220405,True,0.007861799930567293,1.875670582987368,True,-2.885258698626103e-11
250,5,2500624,0.5,0.01,3,16,9.63712333329022,True,0.008319920502535993,2.4105683751404285,True,-1.0572598352354134e-11
250,5,2500625,0.5,0.01,3,16,27.65890895901248,True,0.009692968588719542,8.170032999943942,True,-5.954670090346781e-11
250,5,2500626,0.5,0.01,3,16,16.880460833199322,True,0.008689393976625548,196.49889204232022,True,4.884981308350689e-14
250,5,2500627,0.5,0.01,3,16,32.86465995758772,True,0.009226327576768334,6.982991625089198,True,-5.1664006406326735e-11
250,5,2500628,0.5,0.01,3,16,8.068379958160222,True,0.0037235253208370844,2.195603124797344,True,-4.1896386360207316e-10
250,5,2500629,0.5,0.01,3,16,30.244928291998804,True,0.00950406098839024,2.758843000046909,True,-4.907185768843192e-14
250,5,2500630,0.5,0.01,3,16,3.777689542155713,True,0.003277778799474218,6.450911125168204,True,-1.3507595042483445e-10
250,5,2500631,0.5,0.01,3,16,2.0165184577926993,True,0.0028154616873058425,1.842793040908873,True,-8.077760682567714e-12
250,5,2500632,0.5,0.01,3,16,8.592226165812463,True,0.009121839339380933,1.8329943753778934,True,-3.373812340612403e-11
250,5,2500633,0.5,0.01,3,16,10.649228957947344,True,0.008294921901308261,1.3889301656745374,True,-1.016020600985712e-12
250,5,2500634,0.5,0.01,3,16,11.493524292018265,True,0.00979945914843805,1.833519167266786,True,-2.4939356135789126e-10
250,5,2500635,0.5,0.01,3,16,1.2484770831651986,True,0.00932501122318008,6.106783709023148,True,-1.962134343891364e-10
250,5,2500636,0.5,0.01,3,16,36.09723374992609,True,0.00902908073177805,1.969103999901563,True,-4.85722573273506e-14
250,5,2500637,0.5,0.01,3,16,18.430880082771182,True,0.005567782878087402,5.505208833143115,True,-4.136246900543483e-12
250,5,2500638,0.5,0.01,3,16,1.2033619172871113,True,0.005841801544834102,2.5472754170186818,True,-1.2051459830075828e-10
250,5,2500639,0.5,0.01,3,16,5.421482750214636,True,0.006276942485921033,6.215348249766976,True,-6.150413511818442e-12
250,5,2500640,0.5,0.01,3,16,17.684044667053968,True,0.0037303381825856685,4.362829790916294,True,-1.3540896182107076e-10
250,5,2500641,0.5,0.01,3,16,32.26054024975747,True,0.0037924143666651644,4.2886148751713336,True,-3.2501223934389145e-12
250,5,2500642,0.5,0.01,3,16,9.643053540959954,True,0.009935780849504416,2.977151833008975,True,-7.147704650378728e-11
250,10,2501123,0.5,0.01,4,16,29.042050417046994,True,0.00933817996900993,12.626806332729757,True,-6.544320640955448e-11
250,10,2501124,0.5,0.01,4,16,187.62630691705272,True,0.009977315039726042,58.51378162484616,False,
250,10,2501125,0.5,0.01,4,16,90.64878770941868,True,0.003931490725989639,32.246578874997795,False,
250,10,2501126,0.5,0.01,4,16,22.68872808292508,True,0.009210865974748406,40.57029087515548,False,
250,10,2501127,0.5,0.01,4,16,73.18107266677544,True,0.00910958943447876,25.57891166722402,False,
250,10,2501128,0.5,0.01,4,16,225.7937777908519,True,0.009472352317128674,30.207533249631524,False,
250,10,2501129,0.5,0.01,4,16,127.91032416699454,True,0.008385532993121947,28.090892750304192,False,
250,10,2501130,0.5,0.01,4,16,60.51804600004107,True,0.005957119447500214,31.624123875051737,False,
250,10,2501131,0.5,0.01,4,16,2.06595291569829,True,0.00959087788373153,28.916957458946854,False,
250,10,2501132,0.5,0.01,4,16,71.84216879168525,True,0.009350031195561659,3.84347120905295,True,-3.8415526315560555e-10
250,10,2501133,0.5,0.01,4,16,51.445192750077695,True,0.007574684378730823,4.157959542237222,True,-1.202097310581962e-10
250,10,2501134,0.5,0.01,4,16,126.05752133391798,True,0.009213509063003888,22.299229540862143,False,
250,10,2501135,0.5,0.01,4,16,6.364556625019759,True,0.008813816741014724,302.3923583328724,False,
250,10,2501136,0.5,0.01,4,16,11.481536583974957,True,0.00413455818245434,26.998497541062534,False,
250,10,2501137,0.5,0.01,4,16,27.67323920922354,True,0.007781366320171124,27.37707216711715,False,
250,10,2501138,0.5,0.01,4,16,108.034334667027,True,0.008324044936415143,3.465435584075749,True,-3.560524097778739e-11
250,10,2501139,0.5,0.01,4,16,29.752842916175723,True,0.009911972922339474,49.88049366697669,False,
250,10,2501140,0.5,0.01,4,16,25.80177904199809,True,0.009406737634125306,24.150893709156662,False,
250,10,2501141,0.5,0.01,4,16,3.148489583283663,True,0.007178269584391439,12.579806708265096,True,-1.7703616350672746e-12
250,10,2501142,0.5,0.01,4,16,14.067383124958724,True,0.009902015792545849,23.952172082848847,False,
250,20,2502123,0.5,0.01,5,16,153.76602087495849,True,0.00937909241862045,51.67014029202983,False,
250,20,2502124,0.5,0.01,5,16,180.634357416071,True,0.008443290642958234,31.27887124987319,False,
250,20,2502125,0.5,0.01,5,16,139.19130904227495,True,0.008251526831275613,44.20044312532991,False,
250,20,2502126,0.5,0.01,5,16,26.830307540949434,True,0.00838554434434824,35.91273666685447,False,
250,20,2502127,0.5,0.01,5,16,154.025035624858,True,0.007559874987507376,53.15804204205051,False,
250,20,2502128,0.5,0.01,5,16,2.636247457936406,True,0.009303132661869162,27.494107708334923,False,
250,20,2502129,0.5,0.01,5,16,29.698251792229712,True,0.008671128524058436,39.2258610422723,False,
250,20,2502130,0.5,0.01,5,16,2.561945708002895,True,0.008290646052905137,37.827469791751355,False,
250,20,2502131,0.5,0.01,5,16,16.71109079103917,True,0.006986096272521225,56.50460862508044,False,
250,20,2502132,0.5,0.01,5,16,177.4308252078481,True,0.008272229161361333,36.42392933322117,False,
250,20,2502133,0.5,0.01,5,16,189.86369041586295,True,0.006588843456706961,43.807365083601326,False,
250,20,2502134,0.5,0.01,5,16,147.21121158311144,True,0.008754802456750144,31.049289499875158,False,
250,20,2502135,0.5,0.01,5,16,970.885388166178,True,0.009497998913416239,45.14696679217741,False,
250,20,2502136,0.5,0.01,5,16,326.46625891700387,True,0.009502549924587322,44.25273024989292,False,
250,20,2502137,0.5,0.01,5,16,148.0792506672442,True,0.009811822256516223,59.19763991702348,False,
250,20,2502138,0.5,0.01,5,16,7.271704166196287,True,0.009836867632995738,54.265886874869466,False,
250,20,2502139,0.5,0.01,5,16,283.2670464999974,True,0.009976834871057882,46.45294975023717,False,
250,20,2502140,0.5,0.01,5,16,403.22681091725826,True,0.009781557676327823,44.177677791099995,False,
250,20,2502141,0.5,0.01,5,16,33.19942862493917,True,0.005959332819868601,34.12659095833078,False,
250,20,2502142,0.5,0.01,5,16,607.9652329999954,True,0.009464667119549741,36.762856292072684,False,
250,50,2505123,0.5,0.01,8,16,3098.5965892910026,False,0.016546147749863682,28.448922250419855,True,-5.1631809938612605e-11
250,50,2505124,0.5,0.01,8,16,2886.482404917013,False,0.01580364115035504,71.18618291663006,False,
250,50,2505125,0.5,0.01,8,16,2639.6276929578744,False,0.012723594675576766,81.51244325004518,False,
250,50,2505126,0.5,0.01,8,16,2951.743446915876,False,0.016380319290729473,46.804667541757226,False,
250,50,2505127,0.5,0.01,8,16,3243.1576243331656,False,,100.67710916604847,False,
250,50,2505128,0.5,0.01,8,16,3340.9442153749987,False,0.010016209380255048,112.40415195794776,False,
250,50,2505129,0.5,0.01,8,16,3289.5042090415955,False,0.012780218911722985,85.60478020785376,False,
250,50,2505130,0.5,0.01,8,16,3175.0041490416043,False,0.01600111519856623,102.9517633751966,False,
250,50,2505131,0.5,0.01,8,16,3253.0124493329786,False,0.010253988244908752,86.12100612465292,False,
250,50,2505132,0.5,0.01,8,16,91.65690700011328,True,0.009089788124885145,116.99465458327904,False,
250,50,2505133,0.5,0.01,8,16,3564.834211625159,False,0.011984569180140348,92.62655854178593,False,
250,50,2505134,0.5,0.01,8,16,3236.403454749845,False,0.011147771880340218,95.26850495813414,False,
250,50,2505135,0.5,0.01,8,16,3055.175547167193,False,,90.86300408421084,False,
250,50,2505136,0.5,0.01,8,16,458.1850789161399,True,0.009841903885816405,96.68005637498572,False,
250,50,2505137,0.5,0.01,8,16,3252.080159916077,False,0.013643678834770467,92.13063370762393,False,
250,50,2505138,0.5,0.01,8,16,3369.8312576250173,False,0.025606571143390988,73.91596850007772,False,
250,50,2505139,0.5,0.01,8,16,244.13797466596588,True,0.008292861983111743,88.68362929206342,False,
250,50,2505140,0.5,0.01,8,16,3257.960140208248,False,0.011343784932810963,54.89457783428952,False,
250,50,2505141,0.5,0.01,8,16,1928.0915187089704,True,0.009767565465407357,96.75182799994946,False,
250,50,2505142,0.5,0.01,8,16,1802.629115541,False,,41.58422112464905,False,
500,5,5000623,0.5,0.01,3,23,33.96637949999422,True,0.008283018482906024,33.70695687457919,False,
500,5,5000624,0.5,0.01,3,23,3.9467977499589324,True,0.006230750361295501,52.282116749789566,False,
500,5,5000625,0.5,0.01,3,23,14.234406208153814,True,0.007918929380872852,5.22809424996376,True,-6.359746063111515e-11
500,5,5000626,0.5,0.01,3,23,9.55825720820576,True,0.009816778044346997,40.57294054189697,False,
500,5,5000627,0.5,0.01,3,23,2.259741709101945,True,0.008973546504222607,20.25826200004667,True,-2.452926750606821e-12
500,5,5000628,0.5,0.01,3,23,28.34371583396569,True,0.006720655335050396,3.1612743749283254,True,5.551115123125783e-16
500,5,5000629,0.5,0.01,3,23,7.310898750089109,True,0.0059629031304772595,20.73936179233715,True,-2.925099051864777e-11
500,5,5000630,0.5,0.01,3,23,20.376065875403583,True,0.006679580433401389,49.4756370424293,False,
500,5,5000631,0.5,0.01,3,23,20.563342791050673,True,0.0025496335095026024,15.55482858326286,True,-2.448053981751741e-10
500,5,5000632,0.5,0.01,3,23,4.745629417244345,True,0.008740821299152712,9.436506582889706,True,-1.0709688691434849e-10
500,5,5000633,0.5,0.01,3,23,46.3212661659345,True,0.009482058266254034,7.490196125116199,True,-5.728933993864871e-11
500,5,5000634,0.5,0.01,3,23,3.2313459580764174,True,0.009833841587483572,8.149669332895428,True,-4.893635496827642e-11
500,5,5000635,0.5,0.01,3,23,14.254918290767819,True,0.008867675730979796,42.50666283303872,False,
500,5,5000636,0.5,0.01,3,23,5.495033708401024,True,0.007209436453260887,3.2755651250481606,True,-9.393830158188621e-11
500,5,5000637,0.5,0.01,3,23,29.018247499596328,True,0.005133972726311331,19.919104249682277,True,-1.7862411549884882e-10
500,5,5000638,0.5,0.01,3,23,8.520292917266488,True,0.0065671458719839815,5.687076250091195,True,-1.7075868496974067e-10
500,5,5000639,0.5,0.01,3,23,38.47060508374125,True,0.00960967028251053,52.10530254105106,False,
500,5,5000640,0.5,0.01,3,23,7.1449222499504685,True,0.006754959035528085,9.69866729201749,True,-1.3150092126323898e-11
500,5,5000641,0.5,0.01,3,23,21.328668041154742,True,0.00903810261873983,3.882720749825239,True,-6.54926113341503e-12
500,5,5000642,0.5,0.01,3,23,187.79536616569385,True,0.006007431366565563,38.47884804196656,False,
500,10,5001123,0.5,0.01,4,23,165.760651208926,True,0.009517916273804383,152.62303087487817,False,
500,10,5001124,0.5,0.01,4,23,15.216441040858626,True,0.00892832126536458,77.85600466607139,False,
500,10,5001125,0.5,0.01,4,23,68.44574658386409,True,0.009514011084846175,65.30163162527606,False,
500,10,5001126,0.5,0.01,4,23,106.63591933296993,True,0.009299652116291968,109.59306333400309,False,
500,10,5001127,0.5,0.01,4,23,50.31803045794368,True,0.009589945811942557,99.18170720897615,False,
500,10,5001128,0.5,0.01,4,23,40.05795175023377,True,0.009340475032534434,123.46301233302802,False,
500,10,5001129,0.5,0.01,4,23,21.858733540866524,True,0.008972695608989667,123.6935807922855,False,
500,10,5001130,0.5,0.01,4,23,54.27364070806652,True,0.0055921199508159325,90.09044416621327,False,
500,10,5001131,0.5,0.01,4,23,29.505115708801895,True,0.009953022068966533,110.9383554160595,False,
500,10,5001132,0.5,0.01,4,23,83.3069565417245,True,0.00681595532868845,66.55931820813566,False,
500,10,5001133,0.5,0.01,4,23,204.62037066696212,True,0.00816778521991074,49.75140704214573,False,
500,10,5001134,0.5,0.01,4,23,10.981246958021075,True,0.00956088978779468,86.42322220792994,False,
500,10,5001135,0.5,0.01,4,23,6.640256958082318,True,0.007692050024081354,124.02333416696638,False,
500,10,5001136,0.5,0.01,4,23,63.17662825016305,True,0.008302985822369713,78.74186908314005,False,
500,10,5001137,0.5,0.01,4,23,18.077395915985107,True,0.004703919184176619,111.90052458364516,False,
500,10,5001138,0.5,0.01,4,23,48.685658167116344,True,0.008391255771741657,115.55192275019363,False,
500,10,5001139,0.5,0.01,4,23,4.885768125299364,True,0.009585557802764655,165.5657198750414,False,
500,10,5001140,0.5,0.01,4,23,7.303545875009149,True,0.007225656503733802,92.42065325006843,False,
500,10,5001141,0.5,0.01,4,23,333.87467516725883,True,0.008155566113139057,88.57004554197192,False,
500,10,5001142,0.5,0.01,4,23,81.47076720790938,True,0.009009616404928256,120.73852120805532,False,
500,20,5002123,0.5,0.01,5,23,181.62104162527248,True,0.005432250085084633,130.33855137508363,False,
500,20,5002124,0.5,0.01,5,23,269.1325900829397,True,0.009766607689492335,139.2982719577849,False,
500,20,5002125,0.5,0.01,5,23,266.2186607499607,True,0.00995117278803026,183.43046645773575,False,
500,20,5002126,0.5,0.01,5,23,507.7720901253633,True,0.009349146259870433,132.09099091682583,False,
500,20,5002127,0.5,0.01,5,23,259.11353229219094,True,0.009866071110980978,148.25473083416,False,
500,20,5002128,0.5,0.01,5,23,3.6504682088270783,True,0.009937086549763385,132.5141023332253,False,
500,20,5002129,0.5,0.01,5,23,381.6343105840497,True,0.009835009286825569,243.31644295807928,False,
500,20,5002130,0.5,0.01,5,23,225.3032349999994,True,0.00822169210603424,118.32141499966383,False,
500,20,5002131,0.5,0.01,5,23,58.08377029141411,True,0.00809058633631421,139.71958833327517,False,
500,20,5002132,0.5,0.01,5,23,112.54423633404076,True,0.006284693286064846,176.0217978330329,False,
500,20,5002133,0.5,0.01,5,23,167.71605658298358,True,0.008165493772712085,141.9371479577385,False,
500,20,5002134,0.5,0.01,5,23,31.91553087485954,True,0.009258304096577297,154.30636045895517,False,
500,20,5002135,0.5,0.01,5,23,164.61488254228607,True,0.009502298949532917,313.26855320762843,False,
500,20,5002136,0.5,0.01,5,23,145.92696279194206,True,0.009564521933453918,130.0964203751646,False,
500,20,5002137,0.5,0.01,5,23,204.16075341729447,True,0.007871210775664883,106.0245949998498,False,
500,20,5002138,0.5,0.01,5,23,41.43665366573259,True,0.009952585103476297,129.83463233336806,False,
500,20,5002139,0.5,0.01,5,23,150.40331933274865,True,0.008825635895731598,152.45530766667798,False,
500,20,5002140,0.5,0.01,5,23,30.82104833284393,True,0.008702277117158819,180.56094812508672,False,
500,20,5002141,0.5,0.01,5,23,268.8054827917367,True,0.009789249519465248,126.52273904113099,False,
500,20,5002142,0.5,0.01,5,23,136.49771912489086,True,0.00913739645927214,144.20112475007772,False,
500,50,5005123,0.5,0.01,8,23,71.88512691669166,True,0.008022857681742157,379.23707979079336,False,
500,50,5005124,0.5,0.01,8,23,434.5237064999528,True,0.009236501634266592,288.01521533401683,False,
500,50,5005125,0.5,0.01,8,23,5466.8217475828715,True,0.006531726936183591,205.0507603753358,False,
500,50,5005126,0.5,0.01,8,23,91.52041766606271,True,0.009539338253537033,311.6352154579945,False,
500,50,5005127,0.5,0.01,8,23,14.24948349967599,True,0.009038301306846575,299.23858437500894,False,
500,50,5005128,0.5,0.01,8,23,548.7971331248991,True,0.009557002215968113,418.4442557906732,False,
500,50,5005129,0.5,0.01,8,23,496.47005412494764,True,0.006950020900483356,315.4087605001405,False,
500,50,5005130,0.5,0.01,8,23,10.331547209061682,True,0.008312057146208474,326.4643565840088,False,
500,50,5005131,0.5,0.01,8,23,1116.3360432088375,True,0.009507958341384792,302.50533787487075,False,
500,50,5005132,0.5,0.01,8,23,1504.1296754162759,True,0.009665918282598995,417.73332224972546,False,
500,50,5005133,0.5,0.01,8,23,1004.2752729579806,True,0.00887251205809314,387.33742791600525,False,
500,50,5005134,0.5,0.01,8,23,1503.2779611251317,True,0.00955325491788317,359.2855855417438,False,
500,50,5005135,0.5,0.01,8,23,2528.30695654219,True,0.007748903688457209,388.25322879105806,False,
500,50,5005136,0.5,0.01,8,23,49.731227749958634,True,0.00916786163645078,420.59801970841363,False,
500,50,5005137,0.5,0.01,8,23,386.11056837486103,True,0.008328600928216134,413.40004316717386,False,
500,50,5005138,0.5,0.01,8,23,79.82090304186568,True,0.008976320984739217,324.9265067917295,False,
500,50,5005139,0.5,0.01,8,23,955.9455256671645,True,0.008814824733083537,353.46120074996725,False,
500,50,5005140,0.5,0.01,8,23,471.70773220807314,True,0.009074922570608268,386.0269575002603,False,
500,50,5005141,0.5,0.01,8,23,1116.9741922076792,True,0.009360390608045444,363.21417079214007,False,
500,50,5005142,0.5,0.01,8,23,2006.5147031252272,True,0.007550240128131658,332.04958279198036,False,
