K,n,seed,gamma,eps,kappa,tau,small_time_s,small_success,small_eta,small_screen_eta,small_support_eta,small_has_profile,mcp_time_s,mcp_success,mcp_eta
5,5,50623,0.5,0.01,3,5,16.242573665920645,True,0.0,-0.17712224513614866,0.0,True,0.05328937526792288,True,0.0
5,5,50624,0.5,0.01,3,5,22.64350187499076,True,3.578555505256986e-07,-0.06814526983255982,3.578555505256986e-07,True,0.08174654189497232,True,1.1102230246251565e-16
5,5,50625,0.5,0.01,3,5,63.64325091615319,True,0.0038775304439176983,-0.15771698865352865,0.0038775304439176983,True,0.08833225024864078,True,5.551115123125783e-17
5,5,50626,0.5,0.01,3,5,9.50844275020063,True,0.0,-0.08751219912364426,0.0,True,0.07756854081526399,True,0.0
5,5,50627,0.5,0.01,3,5,18.277515042107552,True,0.008352888189052277,-0.12004055440476596,0.008352888189052277,True,0.0632055844180286,True,1.1102230246251565e-16
5,5,50628,0.5,0.01,3,5,53.648177875205874,True,0.0054344135623839995,-0.06377582565524932,0.0054344135623839995,True,0.0683053326793015,True,1.1102230246251565e-16
5,5,50629,0.5,0.01,3,5,34.8868444156833,True,0.0,-0.15468076197372807,0.0,True,0.05593162542209029,True,0.0
5,5,50630,0.5,0.01,3,5,11.567560708150268,True,1.0575984532579241e-12,-0.3934272408667332,1.0575984532579241e-12,True,0.05893395887687802,True,0.0
5,5,50631,0.5,0.01,3,5,12.080303292255849,True,0.0021220129103249885,-0.19502812429008737,0.0021220129103249885,True,0.07422229088842869,True,0.0
5,5,50632,0.5,0.01,3,5,47.40065329102799,True,3.607614207368215e-11,-0.06910763778505018,3.607614207368215e-11,True,0.05799716617912054,True,0.0
5,5,50633,0.5,0.01,3,5,79.1280233329162,True,0.009224153178761296,-0.17693483935856763,0.009224153178761296,True,0.055952874943614006,True,1.1102230246251565e-16
5,5,50634,0.5,0.01,3,5,5.431198541074991,True,0.0,-0.08258926078455124,0.0,True,0.05981825012713671,True,4.218847493575595e-15
5,5,50635,0.5,0.01,3,5,38.48086408386007,True,0.00034299997763687085,-0.06085254570748849,0.00034299997763687085,True,0.06583929108455777,True,1.887379141862766e-15
5,5,50636,0.5,0.01,3,5,39.64917391585186,True,0.0019158156967024054,-0.060849292059049334,0.0019158156967024054,True,0.07490654196590185,True,0.0
5,5,50637,0.5,0.01,3,5,40.7695400826633,True,0.0,-0.12370816084523738,0.0,True,0.0559519580565393,True,0.0
5,5,50638,0.5,0.01,3,5,82.21768158301711,True,0.00596834500453991,-0.0348299999129129,0.00596834500453991,True,0.03806387493386865,True,0.0
5,5,50639,0.5,0.01,3,5,25.56539150001481,True,0.004610875252971214,-0.263259651660379,0.004610875252971214,True,0.054378666914999485,True,1.1102230246251565e-16
5,5,50640,0.5,0.01,3,5,29.018334874883294,True,2.1920930348695578e-07,-0.08277814538849414,2.1920930348695578e-07,True,0.050216457806527615,True,0.0
5,5,50641,0.5,0.01,3,5,21.635666041169316,True,1.1102230246251565e-16,-0.13441730898841894,1.1102230246251565e-16,True,0.051190707832574844,True,1.1102230246251565e-16
5,5,50642,0.5,0.01,3,5,53.80014379089698,True,0.000714613430912503,-0.08659078631033484,0.000714613430912503,True,0.0390132088214159,True,1.1102230246251565e-16
5,10,51123,0.5,0.01,4,5,40.63981170859188,True,3.03101987952914e-12,-0.11042878154350876,3.03101987952914e-12,True,0.10659737465903163,False,
5,10,51124,0.5,0.01,4,5,26.075642958283424,True,0.007011833438924087,-0.10482567355290855,0.007011833438924087,True,0.08601587498560548,True,1.731059739995544e-12
5,10,51125,0.5,0.01,4,5,32.67235766723752,True,0.0,-0.05239599550346804,0.0,True,0.05584787484258413,True,8.436584764126565e-13
5,10,51126,0.5,0.01,4,5,24.2722107921727,True,7.872924534524373e-12,-0.17077402024461094,7.872924534524373e-12,True,0.0633345409296453,True,0.0
5,10,51127,0.5,0.01,4,5,177.5337082920596,True,0.006221887571826068,-0.032325491379466186,0.006221887571826068,True,0.08613049983978271,True,1.8207657603852567e-13
5,10,51128,0.5,0.01,4,5,77.93672845792025,True,0.0041006366257367866,-0.050515331267858316,0.0041006366257367866,True,0.08014654088765383,True,1.1102230246251565e-16
5,10,51129,0.5,0.01,4,5,156.87690879125148,True,0.007744613844340775,-0.04904407028899899,0.007744613844340775,True,0.08777241595089436,True,0.0
5,10,51130,0.5,0.01,4,5,169.44009074987844,True,0.008223197955722683,-0.09962700835813347,0.008223197955722683,True,0.082288458943367,True,0.0
5,10,51131,0.5,0.01,4,5,59.37816820805892,True,0.0009731748576913279,-0.09497864110704803,0.0009731748576913279,True,0.0891756247729063,True,0.0
5,10,51132,0.5,0.01,4,5,48.62015675008297,True,0.007386731320865314,-0.05906296433310399,0.007386731320865314,True,0.07211950002238154,True,1.1102230246251565e-16
5,10,51133,0.5,0.01,4,5,127.08428262500092,True,0.0,-0.1431632553520929,0.0,True,0.08136270893737674,True,0.0
5,10,51134,0.5,0.01,4,5,35.342703291680664,True,0.0,-0.048615211258813726,0.0,True,0.08962300000712276,True,0.0
5,10,51135,0.5,0.01,4,5,6.048845749814063,True,0.0,-0.13105503595702256,0.0,True,0.07608962478116155,True,0.0
5,10,51136,0.5,0.01,4,5,24.031032583210617,True,5.220935754102207e-05,-0.0574851311291333,5.220935754102207e-05,True,0.085314666852355,True,0.0
5,10,51137,0.5,0.01,4,5,114.422260875348,True,1.2352252554137522e-10,-0.07756127892489406,1.2352252554137522e-10,True,0.09183758264407516,True,0.0
5,10,51138,0.5,0.01,4,5,141.84858533274382,True,0.0,-0.11777655277537767,0.0,True,0.08882650034502149,True,0.0
5,10,51139,0.5,0.01,4,5,357.82418683404103,True,0.008127942351537354,-0.037941834395311215,0.008127942351537354,True,0.18124937498942018,False,
5,10,51140,0.5,0.01,4,5,88.45434520905837,True,0.008589434069283253,-0.02498840343681202,0.008589434069283253,True,0.08056254079565406,True,1.4481627008677833e-10
5,10,51141,0.5,0.01,4,5,153.24206258310005,True,0.009638141358377705,-0.02288308560655855,0.009638141358377705,True,0.09972700010985136,True,0.0
5,10,51142,0.5,0.01,4,5,196.91283841663972,True,0.0,-0.17425247204486288,0.0,True,0.09375816723331809,True,0.0
5,20,52123,0.5,0.01,5,5,177.59184549981728,True,0.0006031992688300125,-0.10227990291762636,0.0006031992688300125,True,0.1788037079386413,True,0.0
5,20,52124,0.5,0.01,5,5,298.2371130422689,True,0.009483710373481613,-0.021545588574297392,0.009483710373481613,True,0.3395863748155534,False,
5,20,52125,0.5,0.01,5,5,290.3337748753838,True,0.0,-0.1289830266325373,0.0,True,0.3132542921230197,False,
5,20,52126,0.5,0.01,5,5,258.32069024955854,True,0.000921261275635632,-0.11694012946078261,0.000921261275635632,True,0.14021495776250958,True,8.881784197001252e-16
5,20,52127,0.5,0.01,5,5,171.8348934999667,True,0.007710841412125302,-0.028992610733863597,0.007710841412125302,True,0.35861991671845317,False,
5,20,52128,0.5,0.01,5,5,150.5096012908034,True,0.00253555086536017,-0.038461497927737114,0.00253555086536017,True,0.23299387516453862,True,1.1102230246251565e-16
5,20,52129,0.5,0.01,5,5,208.98099149996415,True,0.00847813667028463,-0.027445772747817402,0.00847813667028463,True,0.21174708381295204,True,2.15455431273881e-11
5,20,52130,0.5,0.01,5,5,30.039395166095346,True,0.0010852186741491243,-0.0903499761108715,0.0010852186741491243,True,0.16271300008520484,True,0.0
5,20,52131,0.5,0.01,5,5,99.83140787482262,True,0.009942616580815966,-0.08259596668295409,0.009942616580815966,True,0.2529345420189202,True,0.0
5,20,52132,0.5,0.01,5,5,398.75873350026086,True,0.006153484571717827,-0.10522751577434573,0.006153484571717827,True,0.2777676247060299,True,3.3306690738754696e-16
5,20,52133,0.5,0.01,5,5,930.7670442918316,True,0.006982577842920223,-0.11958963532620524,0.006982577842920223,True,0.2990497089922428,True,0.0
5,20,52134,0.5,0.01,5,5,24.746826875023544,True,0.0012864149339918418,-0.06916234379803463,0.0012864149339918418,True,0.3085195831954479,True,4.645173135031655e-13
5,20,52135,0.5,0.01,5,5,1182.8002136657014,True,0.007382564824388815,-0.07892460618949523,0.007382564824388815,True,0.28400266682729125,True,0.0
5,20,52136,0.5,0.01,5,5,31.586831541731954,True,0.00041546823163340907,-0.0319517940986524,0.00041546823163340907,True,0.19174745818600059,True,2.4009683130543635e-12
5,20,52137,0.5,0.01,5,5,147.74816475016996,True,0.006007294593907364,-0.05286637772662676,0.006007294593907364,True,0.3757698340341449,True,1.0769163338864018e-14
5,20,52138,0.5,0.01,5,5,142.16789254173636,True,0.004549877524719692,-0.10551208745386044,0.004549877524719692,True,0.21648695785552263,True,0.0
5,20,52139,0.5,0.01,5,5,169.33963083289564,True,0.009010913026489709,-0.04980360773133798,0.009010913026489709,True,0.21424570912495255,True,0.0
5,20,52140,0.5,0.01,5,5,271.47557541681454,True,0.0014987939288519936,-0.13864309170211914,0.0014987939288519936,True,0.24016749998554587,True,1.1102230246251565e-16
5,20,52141,0.5,0.01,5,5,607.5535674579442,True,0.006556722676781979,-0.034372850496227736,0.006556722676781979,True,0.3319130833260715,True,1.5620060800358715e-11
5,20,52142,0.5,0.01,5,5,87.46505137486383,True,0.003610262248674112,-0.09767632835185462,0.003610262248674112,True,0.26154120825231075,True,0.0
5,50,55123,0.5,0.01,8,5,4253.352103041951,True,0.00482653701325253,-0.030288380210484727,0.00482653701325253,True,0.5685795829631388,True,0.0
5,50,55124,0.5,0.01,8,5,2172.1848765839823,True,0.006446340443421961,-0.10808547697364555,0.006446340443421961,True,1.976549165789038,False,
5,50,55125,0.5,0.01,8,5,253.68097629211843,True,0.009972522507086579,-0.030976402241032295,0.009972522507086579,True,1.1098832502029836,True,0.0
5,50,55126,0.5,0.01,8,5,1379.8105121660046,True,0.009164610798278017,-0.10296875092534966,0.009164610798278017,True,2.158343375194818,False,
5,50,55127,0.5,0.01,8,5,460.5474111670628,True,0.0035994223439742568,-0.033107387469900246,0.0035994223439742568,True,1.084086500108242,True,0.0
5,50,55128,0.5,0.01,8,5,921.8331279163249,True,0.0,-0.062051387870783285,0.0,True,1.9401734583079815,True,0.0
5,50,55129,0.5,0.01,8,5,2677.6465151668526,True,0.006383347901277481,-0.01794270128192895,0.006383347901277481,True,0.7911740001291037,True,1.1102230246251565e-16
5,50,55130,0.5,0.01,8,5,1753.6892805830576,True,0.003629774260587526,-0.029047721643021225,0.003629774260587526,True,1.8740723747760057,False,
5,50,55131,0.5,0.01,8,5,753.2732279580086,True,0.001250797692681993,-0.009767333638552537,0.001250797692681993,True,1.153275374788791,True,1.1102230246251565e-16
5,50,55132,0.5,0.01,8,5,250.5443583750166,True,0.00633006311818729,-0.019848894806822337,0.00633006311818729,True,1.0856199581176043,True,1.1102230246251565e-16
5,50,55133,0.5,0.01,8,5,892.7815945828333,True,0.009955936902903528,0.0010667676731376423,0.009955936902903528,True,1.763382709119469,False,
5,50,55134,0.5,0.01,8,5,2026.503302665893,True,2.4617368861168387e-06,-0.12300508930560632,2.4617368861168387e-06,True,1.182835416868329,False,
5,50,55135,0.5,0.01,8,5,778.4369128332473,True,0.0013605015684655664,-0.12397825735909096,0.0013605015684655664,True,2.105125959031284,True,0.0
5,50,55136,0.5,0.01,8,5,2424.5311368340626,True,0.006582543322331547,-0.06523028480291009,0.006582543322331547,True,1.0280737080611289,True,2.220446049250313e-16
5,50,55137,0.5,0.01,8,5,307.2447506249882,True,0.0037821017044676886,0.0066566196893182526,0.0037821017044676886,True,1.1453329171054065,True,0.0
5,50,55138,0.5,0.01,8,5,3188.456473500002,True,0.004286180574865073,-0.05323132141744449,0.004286180574865073,True,0.731149791739881,True,9.547918011776346e-15
5,50,55139,0.5,0.01,8,5,2998.668844374828,True,0.0,-0.12590601909915347,0.0,True,1.3575182501226664,False,
5,50,55140,0.5,0.01,8,5,132.95313187502325,True,0.0017710056022908205,-0.061348636626532504,0.0017710056022908205,True,2.064763916656375,False,
5,50,55141,0.5,0.01,8,5,648.5073824590072,True,0.004733978876124034,-0.23859827232968583,0.004733978876124034,True,1.9314590422436595,False,
5,50,55142,0.5,0.01,8,5,3391.986605749931,True,0.009031543169521594,-0.07529940772752808,0.009031543169521594,True,0.9068189160898328,False,
10,5,100623,0.5,0.01,3,5,22.46711975010112,True,5.939027047929812e-12,-0.09312743527932683,5.939027047929812e-12,True,0.0902381669729948,True,0.0
10,5,100624,0.5,0.01,3,5,28.085168707650155,True,0.003753138953175583,-0.1507802231808529,0.003753138953175583,True,0.08788895793259144,True,0.0
10,5,100625,0.5,0.01,3,5,18.501315166708082,True,2.6819657605869907e-12,-0.12205369732831246,2.6819657605869907e-12,True,0.09029262466356158,True,0.0
10,5,100626,0.5,0.01,3,5,22.498100958298892,True,1.0542344774933099e-11,-0.015466882449409506,1.0542344774933099e-11,True,0.08883987506851554,True,0.0
10,5,100627,0.5,0.01,3,5,89.29226741567254,True,4.749667326109375e-11,-0.1999307506590148,4.749667326109375e-11,True,0.10633508395403624,True,0.0
10,5,100628,0.5,0.01,3,5,27.48477220768109,True,0.0005868028843935558,-0.21519097181651334,0.0005868028843935558,True,0.09219429222866893,True,2.4646951146678475e-14
10,5,100629,0.5,0.01,3,5,28.4459862918593,True,0.0,-0.09045792857459056,0.0,True,0.10260412516072392,True,0.0
10,5,100630,0.5,0.01,3,5,36.63162637455389,True,0.0008900559041890022,-0.045302063974276253,0.0008900559041890022,True,0.18495533289387822,True,5.551115123125783e-17
10,5,100631,0.5,0.01,3,5,33.016890292055905,True,4.647262240586869e-07,-0.14948000305844364,4.647262240586869e-07,True,0.09294229187071323,True,0.0
10,5,100632,0.5,0.01,3,5,76.27537054196,True,0.00014175054210990856,-0.05848389360086948,0.00014175054210990856,True,0.09198600007221103,True,0.0
10,5,100633,0.5,0.01,3,5,25.015742165967822,True,3.2028157903596366e-11,-0.08326941916822836,3.2028157903596366e-11,True,0.09243495902046561,True,0.0
10,5,100634,0.5,0.01,3,5,7.249054875224829,True,1.1102230246251565e-16,-0.062144855233333594,1.1102230246251565e-16,True,0.08950599981471896,True,1.1102230246251565e-16
10,5,100635,0.5,0.01,3,5,26.519652749877423,True,0.0031183450186880735,-0.09537484389909848,0.0031183450186880735,True,0.13462691707536578,True,1.0880185641326534e-14
10,5,100636,0.5,0.01,3,5,58.67549808323383,True,0.0,-0.041876826688713356,0.0,True,0.09628916718065739,True,0.0
10,5,100637,0.5,0.01,3,5,62.36276874970645,True,0.0038150125238034516,-0.07528077101895997,0.0038150125238034516,True,0.08697404200211167,True,3.3306690738754696e-16
10,5,100638,0.5,0.01,3,5,109.13246120791882,True,0.008779303637581448,-0.11709258137949269,0.008779303637581448,True,0.10687783313915133,True,5.105360578738782e-13
10,5,100639,0.5,0.01,3,5,46.72497245809063,True,0.005728195325633456,-0.06986382085147563,0.005728195325633456,True,0.09290087502449751,True,5.099254352103344e-13
10,5,100640,0.5,0.01,3,5,20.228969499934465,True,0.0,-0.19838853975603782,0.0,True,0.09915975015610456,True,0.0
10,5,100641,0.5,0.01,3,5,26.78551674960181,True,0.0038831315136119704,-0.17815124187396983,0.0038831315136119704,True,0.11783858435228467,True,5.551115123125783e-16
10,5,100642,0.5,0.01,3,5,53.16801716666669,True,0.007579138527264329,-0.07274095174275123,0.007579138527264329,True,0.09705475019291043,True,4.998381153420439e-10
10,10,101123,0.5,0.01,4,5,44.058414209168404,True,0.005847153161197549,-0.04044739250359419,0.005847153161197549,True,0.1871488750912249,True,1.1102230246251565e-16
10,10,101124,0.5,0.01,4,5,308.4394223750569,True,0.008072004335522465,-0.033188605237974955,0.008072004335522465,True,0.17551270918920636,True,5.6066262743570405e-15
10,10,101125,0.5,0.01,4,5,84.27485841605812,True,2.773071436046326e-05,-0.1100618267337721,2.773071436046326e-05,True,0.168804791290313,True,1.1102230246251565e-16
10,10,101126,0.5,0.01,4,5,100.09373795893043,True,0.00691964442432591,-0.060634526894629476,0.00691964442432591,True,0.14061912475153804,True,1.1102230246251565e-16
10,10,101127,0.5,0.01,4,5,110.67841683328152,True,0.0014279116990916219,-0.11930919850341583,0.0014279116990916219,True,0.14735629176720977,True,0.0
10,10,101128,0.5,0.01,4,5,28.71827945765108,True,0.0002638386124000913,-0.07698700685532057,0.0002638386124000913,True,0.1443332089111209,True,5.662137425588298e-15
10,10,101129,0.5,0.01,4,5,311.387254958041,True,0.006746381478328178,-0.11604508777837376,0.006746381478328178,True,0.21486854134127498,True,2.020605904817785e-14
10,10,101130,0.5,0.01,4,5,310.26974645769224,True,0.0007949894791980938,-0.03354763309631643,0.0007949894791980938,True,0.1767115001566708,True,0.0
10,10,101131,0.5,0.01,4,5,38.439540250226855,True,0.0076708708708673745,-0.031354284197515236,0.0076708708708673745,True,0.14671049965545535,True,0.0
10,10,101132,0.5,0.01,4,5,41.312994916923344,True,0.008780152220606463,-0.008025825834993311,0.008780152220606463,True,0.3425341248512268,True,0.0
10,10,101133,0.5,0.01,4,5,216.750833875034,True,2.4624828842689794e-09,-0.05503740631239831,2.4624828842689794e-09,True,0.15087083401158452,True,1.1102230246251565e-16
10,10,101134,0.5,0.01,4,5,120.8961637080647,True,0.009363844421232614,-0.021054015012334257,0.009363844421232614,True,0.16621258296072483,True,1.7188472867246674e-12
10,10,101135,0.5,0.01,4,5,109.1290397499688,True,0.005524284996884732,-0.07301051436123157,0.005524284996884732,True,0.1678150831721723,True,5.551115123125783e-16
10,10,101136,0.5,0.01,4,5,36.301690832711756,True,0.008780809815995272,-0.043077043953636096,0.008780809815995272,True,0.1476575843989849,True,1.1102230246251565e-16
10,10,101137,0.5,0.01,4,5,117.32365849986672,True,0.008292294065830319,-0.025910691761409258,0.008292294065830319,True,0.16772920778021216,False,
10,10,101138,0.5,0.01,4,5,44.388975208159536,True,0.002117940903478055,-0.06273968599923498,0.002117940903478055,True,0.17858983296900988,True,7.560480019819238e-11
10,10,101139,0.5,0.01,4,5,43.21027541672811,True,0.007331422179658098,-0.08206415315075818,0.007331422179658098,True,0.13837791606783867,True,0.0
10,10,101140,0.5,0.01,4,5,19.40352295897901,True,0.0,-0.12740409544357312,0.0,True,0.13530116714537144,True,0.0
10,10,101141,0.5,0.01,4,5,29.604674249887466,True,0.007997190825552503,-0.026424645981813096,0.007997190825552503,True,0.11114624980837107,True,2.220446049250313e-16
10,10,101142,0.5,0.01,4,5,111.42004312528297,True,0.0,-0.03486282695564672,0.0,True,0.07597770821303129,True,3.4861002973229915e-13
10,20,102123,0.5,0.01,5,5,122.24064924987033,True,0.0063762388959207605,0.004476893425387656,0.0063762388959207605,True,0.37799566704779863,True,1.1102230246251565e-16
10,20,102124,0.5,0.01,5,5,450.31731637520716,True,0.0,-0.10782394537913274,0.0,True,0.4258698746562004,True,0.0
10,20,102125,0.5,0.01,5,5,40.34549799980596,True,0.002189034698396597,-0.02603585228244745,0.002189034698396597,True,0.4069509170949459,True,0.0
10,20,102126,0.5,0.01,5,5,43.19816404208541,True,0.006653792701209027,-0.0003839584397988543,0.006653792701209027,True,0.45158074982464314,True,0.0
10,20,102127,0.5,0.01,5,5,460.41127808298916,True,0.0026620437197898417,-0.04951895100245353,0.0026620437197898417,True,0.42431954108178616,True,1.1102230246251565e-16
10,20,102128,0.5,0.01,5,5,239.80616200016811,True,0.00586719257429269,-0.024943208955587767,0.00586719257429269,True,0.3861241666600108,True,0.0
10,20,102129,0.5,0.01,5,5,233.4596879594028,True,0.0039949594671397914,-0.019422149022633853,0.0039949594671397914,True,0.4211612078361213,True,0.0
10,20,102130,0.5,0.01,5,5,53.97625783411786,True,0.00925498447044959,9.345300656469073e-05,0.00925498447044959,True,0.36603916715830564,True,1.1102230246251565e-16
10,20,102131,0.5,0.01,5,5,64.21428620815277,True,0.00041888855127980573,-0.007778908451460066,0.00041888855127980573,True,0.44885591696947813,True,1.879385536085465e-12
10,20,102132,0.5,0.01,5,5,54.96703529218212,True,0.009698786920979252,-0.025242060874625046,0.009698786920979252,True,0.4224572912789881,True,2.220446049250313e-16
10,20,102133,0.5,0.01,5,5,212.65740387514234,True,0.0012021784217646214,-0.028560365740133844,0.0012021784217646214,True,0.5355471246875823,True,2.5424107263916085e-14
10,20,102134,0.5,0.01,5,5,260.09245941694826,True,0.00605991887051216,-0.001262138193178554,0.00605991887051216,True,0.7143835420720279,False,
10,20,102135,0.5,0.01,5,5,60.74727745912969,True,0.008214142618757192,-0.18340671597638694,0.008214142618757192,True,0.4590321248397231,True,0.0
10,20,102136,0.5,0.01,5,5,1982.852383832913,True,0.007165835198293724,-0.02590015822451304,0.007165835198293724,True,0.6740399589762092,True,1.1102230246251565e-16
10,20,102137,0.5,0.01,5,5,33.95256600016728,True,2.075332790141271e-05,-0.02570178901748804,2.075332790141271e-05,True,0.6416134587489069,False,
10,20,102138,0.5,0.01,5,5,454.04811966698617,True,0.009573275567844042,-0.06774857711464018,0.009573275567844042,True,3.47666620882228,False,
10,20,102139,0.5,0.01,5,5,428.7710247919895,True,0.007186840855569199,-0.03641690403919242,0.007186840855569199,True,0.3917619581334293,True,0.0
10,20,102140,0.5,0.01,5,5,70.52067424962297,True,0.007356967526988001,-0.11869079166339375,0.007356967526988001,True,0.5267256670631468,True,1.1102230246251565e-16
10,20,102141,0.5,0.01,5,5,160.80245941597968,True,0.003161157256710956,-0.022285573257736713,0.003161157256710956,True,0.3768184999935329,True,0.0
10,20,102142,0.5,0.01,5,5,305.5610982920043,True,2.81785705880111e-12,-0.04874386122646709,2.81785705880111e-12,True,0.4730019583366811,True,1.1102230246251565e-16
10,50,105123,0.5,0.01,8,5,2212.9695335002616,True,0.00857664128999791,-0.023838463417848135,0.00857664128999791,True,1.5667972918599844,False,
10,50,105124,0.5,0.01,8,5,195.2760658748448,True,0.008598544045436252,0.0033963463186781335,0.008598544045436252,True,1.821678000036627,True,0.0
10,50,105125,0.5,0.01,8,5,1180.349583750125,True,0.006882803731759313,-0.011773762077881389,0.006882803731759313,True,3.226384707726538,False,
10,50,105126,0.5,0.01,8,5,149.09426912479103,True,0.0011978628190505436,-0.00440053762934931,0.0011978628190505436,True,1.790569415781647,True,7.782663402622347e-14
10,50,105127,0.5,0.01,8,5,676.8192765419371,True,0.003200961361005672,0.00567827584529736,0.003200961361005672,True,3.4176163342781365,False,
10,50,105128,0.5,0.01,8,5,1103.307073208969,True,0.00883899216386752,-0.022882227017386167,0.00883899216386752,True,2.1273179170675576,True,0.0
10,50,105129,0.5,0.01,8,5,869.7982959169894,True,0.002814996375402723,-0.06523176667559688,0.002814996375402723,True,2.0517979580909014,True,0.0
10,50,105130,0.5,0.01,8,5,1747.3988063749857,True,0.0013498583143457532,-0.0023848406852382594,0.0013498583143457532,True,1.6858601248823106,False,
10,50,105131,0.5,0.01,8,5,321.8074681661092,True,0.00884067903635033,0.003289057806926379,0.00884067903635033,True,2.0906811668537557,True,1.1102230246251565e-16
10,50,105132,0.5,0.01,8,5,825.137019790709,True,0.0009095956235245506,-0.03071673742327912,0.0009095956235245506,True,2.2462622080929577,True,1.1102230246251565e-16
10,50,105133,0.5,0.01,8,5,144.91271395934746,True,0.003860004271364348,-0.01585844175834153,0.003860004271364348,True,3.4506932077929378,False,
10,50,105134,0.5,0.01,8,5,220.97929033311084,True,0.006281446668430668,-0.008498130010378815,0.006281446668430668,True,3.9733417499810457,False,
10,50,105135,0.5,0.01,8,5,962.3357667922974,True,0.00955162841256696,0.0025548357204917206,0.00955162841256696,True,2.6554421251639724,False,
10,50,105136,0.5,0.01,8,5,162.01125791668892,True,0.006259902535883488,0.0006440419567109746,0.006259902535883488,True,2.1172792920842767,True,2.220446049250313e-16
10,50,105137,0.5,0.01,8,5,167.96512004220858,True,0.006326181576601364,-0.025386814747618534,0.006326181576601364,True,3.6891899169422686,False,
10,50,105138,0.5,0.01,8,5,149.19268549978733,True,1.1102230246251565e-16,-0.026415770320464355,1.1102230246251565e-16,True,2.146454917266965,True,0.0
10,50,105139,0.5,0.01,8,5,307.521903750021,True,0.006984628022579931,0.001217413093326081,0.006984628022579931,True,3.301906208973378,False,
10,50,105140,0.5,0.01,8,5,353.5112720420584,True,0.006039649816402037,-0.004014259641437817,0.006039649816402037,True,2.3948809998109937,True,1.1102230246251565e-16
10,50,105141,0.5,0.01,8,5,726.734132041689,True,0.0040909816209021566,-0.027849020425189913,0.0040909816209021566,True,2.064712166786194,False,
10,50,105142,0.5,0.01,8,5,457.10736270900816,True,0.003654081700599776,-0.06765562557663403,0.003654081700599776,True,3.0646495004184544,False,
30,5,300623,0.5,0.01,3,6,61.10377195896581,True,1.5148704513023858e-10,-0.10563897953609273,1.5148704513023858e-10,True,0.18573420913890004,True,0.0
30,5,300624,0.5,0.01,3,6,30.079593082889915,True,0.000593236952747267,-0.07248814827603947,0.000593236952747267,True,0.3126617921516299,True,3.9745984281580604e-12
30,5,300625,0.5,0.01,3,6,162.31436337484047,True,0.007996164718158894,-0.14307531198785403,0.007996164718158894,True,0.16459079179912806,True,1.6643908473668034e-11
30,5,300626,0.5,0.01,3,6,21.755364291835576,True,0.0036551063152483465,-0.14904377513594022,0.0036551063152483465,True,0.15400849981233478,True,5.551115123125783e-17
30,5,300627,0.5,0.01,3,6,9.4809770421125,True,0.0043890037044041486,-0.001313773472951185,0.0043890037044041486,True,0.14857879094779491,True,1.1102230246251565e-16
30,5,300628,0.5,0.01,3,6,40.77829479100183,True,0.0023565329524545264,-0.09433632903049959,0.0023565329524545264,True,0.2842182917520404,True,1.3988810110276972e-13
30,5,300629,0.5,0.01,3,6,53.150298207998276,True,0.0020404102652137324,-0.09402525768502229,0.0020404102652137324,True,0.17186641693115234,True,5.551115123125783e-15
30,5,300630,0.5,0.01,3,6,34.01041079219431,True,0.002389212478268954,-0.019360241869240832,0.002389212478268954,True,0.2928126249462366,True,0.0
30,5,300631,0.5,0.01,3,6,50.78114283271134,True,0.005068382778747327,-0.06046305920050713,0.005068382778747327,True,0.21538550034165382,True,2.5238366951896296e-11
30,5,300632,0.5,0.01,3,6,52.91924604214728,True,3.6865884789349934e-08,-0.06940778843742212,3.6865884789349934e-08,True,0.16799245914444327,True,2.220446049250313e-16
30,5,300633,0.5,0.01,3,6,33.55008375039324,True,0.0013012360319840655,-0.05957191076991185,0.0013012360319840655,True,0.14857433317229152,True,1.1102230246251565e-16
30,5,300634,0.5,0.01,3,6,151.71732733258978,True,0.009761761248358702,-0.09136025857652459,0.009761761248358702,True,0.1870616669766605,True,3.5424441158227182e-12
30,5,300635,0.5,0.01,3,6,60.17179700033739,True,0.00805983255032472,-0.06482607373789902,0.00805983255032472,True,0.1670658327639103,True,0.0
30,5,300636,0.5,0.01,3,6,33.67192429071292,True,0.00308295235105549,-0.06622747535668236,0.00308295235105549,True,0.16563291708007455,True,9.50001188826377e-12
30,5,300637,0.5,0.01,3,6,76.32755929231644,True,0.0074680745309605445,-0.10875422977935313,0.0074680745309605445,True,0.1686469162814319,True,2.5979218776228663e-14
30,5,300638,0.5,0.01,3,6,54.988877582829446,True,0.007923829659501114,-0.023482941339222282,0.007923829659501114,True,0.2945942501537502,True,2.2049695402870384e-11
30,5,300639,0.5,0.01,3,6,21.955302457790822,True,0.005263529375914899,0.005835854208512182,0.005263529375914899,True,0.2582287918776274,True,4.596323321948148e-14
30,5,300640,0.5,0.01,3,6,24.72286808397621,True,0.002099792160763392,-0.08527922960820852,0.002099792160763392,True,0.166295874863863,True,0.0
30,5,300641,0.5,0.01,3,6,30.828354500234127,True,4.885314375258076e-12,-0.07843262997842372,4.885314375258076e-12,True,0.14953025011345744,True,0.0
30,5,300642,0.5,0.01,3,6,53.09475945867598,True,2.9645057147975606e-07,-0.02200031165385648,2.9645057147975606e-07,True,0.15426224982365966,True,1.1102230246251565e-16
30,10,301123,0.5,0.01,4,6,44.11706787487492,True,0.0018123437442405521,0.004725516456346404,0.0018123437442405521,True,1.8322545839473605,False,
30,10,301124,0.5,0.01,4,6,302.29813387524337,True,0.0008580243088575079,-0.016578706583270826,0.0008580243088575079,True,0.1973836668767035,True,2.220446049250313e-16
30,10,301125,0.5,0.01,4,6,67.82656900025904,True,0.0,-0.027449315151670844,0.0,True,0.30682270834222436,True,0.0
30,10,301126,0.5,0.01,4,6,267.68375320825726,True,0.004663969039058191,-0.014421304694245195,0.004663969039058191,True,0.6015113745816052,False,
30,10,301127,0.5,0.01,4,6,39.81963241705671,True,0.007377698946626876,-0.0033455361508293122,0.007377698946626876,True,0.3156812498345971,True,0.0
30,10,301128,0.5,0.01,4,6,208.34886116720736,True,0.005016314529897037,0.0021664151818557662,0.005016314529897037,True,0.4169312920421362,True,1.1102230246251565e-16
30,10,301129,0.5,0.01,4,6,82.29895649990067,True,0.00054708156200034,-0.07955769510350837,0.00054708156200034,True,0.6309390417300165,True,0.0
30,10,301130,0.5,0.01,4,6,123.45831308281049,True,0.00352422404151731,0.0021726971512092963,0.00352422404151731,True,0.9764396250247955,False,
30,10,301131,0.5,0.01,4,6,54.89969512494281,True,0.008647593373997009,-0.016392437495322508,0.008647593373997009,True,0.39057541731745005,True,1.5654144647214707e-14
30,10,301132,0.5,0.01,4,6,138.14051958313212,True,0.00564424198494351,-0.010200172780327749,0.00564424198494351,True,0.3869742080569267,True,5.051514762044462e-14
30,10,301133,0.5,0.01,4,6,134.38777600042522,True,0.007206267754902462,-0.006685423179861314,0.007206267754902462,True,0.3721544169820845,True,1.1102230246251565e-16
30,10,301134,0.5,0.01,4,6,88.3604625412263,True,0.007275402475656723,-0.04728014616387592,0.007275402475656723,True,0.8947705002501607,False,
30,10,301135,0.5,0.01,4,6,50.61479704128578,True,0.0,-0.06084268024490268,0.0,True,0.3927106251940131,True,0.0
30,10,301136,0.5,0.01,4,6,46.90510629164055,True,0.004329012351494077,0.004040740074899624,0.004329012351494077,True,0.32340695802122355,True,7.716050021144838e-13
30,10,301137,0.5,0.01,4,6,227.36212258273736,True,0.004364547168192401,-0.030589885685254583,0.004364547168192401,True,0.3506978331133723,True,0.0
30,10,301138,0.5,0.01,4,6,44.17494941689074,True,0.009069706554361567,-0.010090981922001925,0.009069706554361567,True,0.3741322080604732,True,0.0
30,10,301139,0.5,0.01,4,6,79.44709883397445,True,0.0016306751992247182,-0.018988476687149175,0.0016306751992247182,True,0.36778483306989074,True,1.5643042416968456e-13
30,10,301140,0.5,0.01,4,6,33.76061895908788,True,0.004160174094704594,-0.053461484952562574,0.004160174094704594,True,0.34342116629704833,True,1.1102230246251565e-16
30,10,301141,0.5,0.01,4,6,42.88221133407205,True,0.0008342573567576839,-0.07754786887312895,0.0008342573567576839,True,0.3702106671407819,True,0.0
30,10,301142,0.5,0.01,4,6,80.80896383337677,True,0.007774876990893853,0.004240898343301516,0.007774876990893853,True,0.3297872091643512,True,2.220446049250313e-16
30,20,302123,0.5,0.01,5,6,154.83211658336222,True,0.008513320031699467,-0.004948022651535175,0.008513320031699467,True,1.1515140826813877,True,2.220446049250313e-16
30,20,302124,0.5,0.01,5,6,88.44446433288977,True,0.004965645362037696,-0.02557869670229227,0.004965645362037696,True,2.8206792077980936,False,
30,20,302125,0.5,0.01,5,6,535.9012158336118,True,0.008205416403134658,-0.012365390230442058,0.008205416403134658,True,3.7874135416932404,False,
30,20,302126,0.5,0.01,5,6,73.94266158295795,True,0.009836801241232873,0.004439046925304197,0.009836801241232873,True,2.0811565830372274,False,
30,20,302127,0.5,0.01,5,6,445.33791300002486,True,0.001695709993061123,-0.040314364343857295,0.001695709993061123,True,1.9702054159715772,False,
30,20,302128,0.5,0.01,5,6,59.20979170920327,True,0.005937216516168964,-0.003135585019540846,0.005937216516168964,True,1.6689981669187546,True,1.0880185641326534e-14
30,20,302129,0.5,0.01,5,6,164.54645337490365,True,0.007490261094210471,0.0056860614982298255,0.007490261094210471,True,2.147320874966681,False,
30,20,302130,0.5,0.01,5,6,426.36176829086617,True,0.004602842703811727,-0.017608656214214497,0.004602842703811727,True,2.938572790939361,False,
30,20,302131,0.5,0.01,5,6,357.87626766692847,True,0.0034105231846505157,-0.012684649606299931,0.0034105231846505157,True,1.088681916706264,True,0.0
30,20,302132,0.5,0.01,5,6,146.99718025000766,True,0.0035140251006021694,-0.011106923765214265,0.0035140251006021694,True,1.3772340416908264,True,0.0
30,20,302133,0.5,0.01,5,6,80.42598458332941,True,0.006591745043479591,-0.027024563023054247,0.006591745043479591,True,1.046805249992758,True,8.31723578897936e-12
30,20,302134,0.5,0.01,5,6,50.55536966724321,True,0.006615438504106286,-0.00850547533727,0.006615438504106286,True,1.06443691579625,True,2.220446049250313e-16
30,20,302135,0.5,0.01,5,6,346.477677708026,True,0.00019551394566741376,-0.047505198905310436,0.00019551394566741376,True,1.8151462082751095,False,
30,20,302136,0.5,0.01,5,6,236.67203374998644,True,0.007275247078232461,0.004962245939686887,0.007275247078232461,True,2.4868980003520846,False,
30,20,302137,0.5,0.01,5,6,193.57649079104885,True,0.0028129769250183623,-0.005040622819566087,0.0028129769250183623,True,0.6110391248948872,True,9.534040223968532e-12
30,20,302138,0.5,0.01,5,6,146.46518675005063,True,0.004087555224067452,-0.0005253141810786583,0.004087555224067452,True,1.5228402079083025,False,
30,20,302139,0.5,0.01,5,6,98.48510175012052,True,0.008020560598724358,0.002362413686172075,0.008020560598724358,True,1.919916832819581,False,
30,20,302140,0.5,0.01,5,6,71.3797969580628,True,9.933733507994091e-07,0.005432569319916559,9.933733507994091e-07,True,1.0238073752261698,True,1.5862644531239312e-11
30,20,302141,0.5,0.01,5,6,239.15028733294457,True,0.006101948002935731,-0.0028601281850810273,0.006101948002935731,True,1.1053764577955008,True,0.0
30,20,302142,0.5,0.01,5,6,62.49955900013447,True,0.00025733489266110965,-0.004125813249443906,0.00025733489266110965,True,1.0749644576571882,True,4.989342272665453e-13
30,50,305123,0.5,0.01,8,6,1253.0923325410113,False,,0.012591918704110602,,False,11.295203417073935,False,
30,50,305124,0.5,0.01,8,6,709.0431648753583,True,0.0007510999811166652,0.0012191478105140858,0.0007510999811166652,True,6.717837665695697,True,7.283063041541027e-14
30,50,305125,0.5,0.01,8,6,669.409555291757,True,0.007320447034480426,0.003694977894166254,0.007320447034480426,True,9.968391541857272,False,
30,50,305126,0.5,0.01,8,6,1238.5305345002562,False,,0.007420185309063874,,False,10.049797208979726,False,
30,50,305127,0.5,0.01,8,6,725.7815120001324,True,0.0053358947635736564,0.000368084209576089,0.0053358947635736564,True,10.070700666867197,False,
30,50,305128,0.5,0.01,8,6,1656.7710011671297,False,0.011535313440238837,0.0026391529061473365,0.011535313440238837,True,9.745198207907379,False,
30,50,305129,0.5,0.01,8,6,871.5991156669334,True,0.0019800314088171955,-0.00024360245920199247,0.0019800314088171955,True,10.07660154113546,False,
30,50,305130,0.5,0.01,8,6,1196.8165641250089,True,0.003267689568015708,0.00589441956837545,0.003267689568015708,True,6.166903708130121,True,1.8095525078365426e-12
30,50,305131,0.5,0.01,8,6,1395.1630412917584,True,0.006247283186942343,0.004562583488849778,0.006247283186942343,True,10.166310457978398,False,
30,50,305132,0.5,0.01,8,6,1287.1421171249822,False,,0.009026075027669151,,False,10.609299249947071,False,
30,50,305133,0.5,0.01,8,6,965.5962111670524,True,0.0059687411062654405,0.0050190769319009955,0.0059687411062654405,True,9.655185792129487,False,
30,50,305134,0.5,0.01,8,6,1405.0321811251342,True,0.006824589966660022,0.0023926584952980064,0.006824589966660022,True,10.332132499665022,False,
30,50,305135,0.5,0.01,8,6,1502.0741743752733,True,0.008459244865270055,0.0012018601653793067,0.008459244865270055,True,6.65382479224354,True,2.886579864025407e-13
30,50,305136,0.5,0.01,8,6,667.0394887500443,True,0.0016771982284752296,0.004600160198985693,0.0016771982284752296,True,6.662461291998625,True,0.0
30,50,305137,0.5,0.01,8,6,1460.2445839168504,True,0.005023803615993749,-0.0013200940612903504,0.005023803615993749,True,8.154936249833554,False,
30,50,305138,0.5,0.01,8,6,481.1699263751507,True,0.005390343503617223,0.0063453379514897285,0.005390343503617223,True,36.29231058387086,False,
30,50,305139,0.5,0.01,8,6,1234.5553841670044,False,,0.007302043146045533,,False,4.449127584230155,False,
30,50,305140,0.5,0.01,8,6,1132.8022892093286,False,,0.01245521606328467,,False,5.9460602081380785,False,
30,50,305141,0.5,0.01,8,6,912.7833585422486,True,0.0062698302715800125,0.0017443428547427625,0.0062698302715800125,True,6.233531083911657,False,
30,50,305142,0.5,0.01,8,6,516.0469738752581,True,0.0069682988659508505,0.0032814846734006056,0.0069682988659508505,True,6.198756583966315,True,0.0
100,5,1000623,0.5,0.01,3,10,65.70194987487048,True,1.1807138736552591e-05,-0.02310703140397993,1.1807138736552591e-05,True,1.1503685000352561,True,5.83033621381901e-13
100,5,1000624,0.5,0.01,3,10,52.542793000116944,True,0.00031587583500974903,-0.1291142278387886,0.00031587583500974903,True,1.9291732083074749,True,3.0980773502164993e-13
100,5,1000625,0.5,0.01,3,10,56.78470274992287,True,0.007128236048207226,-0.08512223374209064,0.007128236048207226,True,0.4406117922626436,True,2.708944180085382e-14
100,5,1000626,0.5,0.01,3,10,54.24978554202244,True,0.0010503650009708876,-0.08602009595525471,0.0010503650009708876,True,2.1422422910109162,True,1.1102230246251565e-16
100,5,1000627,0.5,0.01,3,10,97.47675858298317,True,0.004999865058618658,-0.11062330538868184,0.004999865058618658,True,1.1482380419038236,True,2.6040281042583047e-13
100,5,1000628,0.5,0.01,3,10,81.35325329238549,True,0.0013117808238428674,-0.06250540526214232,0.0013117808238428674,True,1.3598373332060874,True,1.942890293094024e-15
100,5,1000629,0.5,0.01,3,10,105.7216105000116,True,0.005605735431382375,-0.037375124375370834,0.005605735431382375,True,0.8412973750382662,True,5.551115123125783e-17
100,5,1000630,0.5,0.01,3,10,48.97495025023818,True,0.009531713171513578,-0.06605079665904709,0.009531713171513578,True,0.7506631249561906,True,2.220446049250313e-16
100,5,1000631,0.5,0.01,3,10,91.68896562512964,True,0.009954650313197533,-0.12908185224424198,0.009954650313197533,True,0.6406310410238802,True,4.39648317751562e-14
100,5,1000632,0.5,0.01,3,10,41.71884720772505,True,0.006629511320902837,-0.08427226795995302,0.006629511320902837,True,0.632765875197947,True,1.73749903353837e-14
100,5,1000633,0.5,0.01,3,10,40.517313291784376,True,0.007866206421637545,-0.08516593880947404,0.007866206421637545,True,0.39521866710856557,True,0.0
100,5,1000634,0.5,0.01,3,10,38.697284165769815,True,0.0033328073127432134,-0.037217581271086854,0.0033328073127432134,True,0.7727239588275552,True,0.0
100,5,1000635,0.5,0.01,3,10,41.338066041935235,True,0.00363366908023649,-0.050276639988067785,0.00363366908023649,True,2.8839728753082454,False,
100,5,1000636,0.5,0.01,3,10,60.00602729199454,True,0.008502302304541964,-0.05285849318097063,0.008502302304541964,True,0.6887910831719637,True,0.0
100,5,1000637,0.5,0.01,3,10,117.29167762538418,True,0.006733393771376162,-0.11201752933752575,0.006733393771376162,True,1.0858903750777245,True,1.1102230246251565e-16
100,5,1000638,0.5,0.01,3,10,40.00148641690612,True,0.0077265890370919466,-0.047088908126979995,0.0077265890370919466,True,1.092015165835619,True,0.0
100,5,1000639,0.5,0.01,3,10,85.09046516567469,True,8.561734067535909e-05,-0.12013192921465635,8.561734067535909e-05,True,0.3777959579601884,True,0.0
100,5,1000640,0.5,0.01,3,10,48.75531604234129,True,0.008815674650034633,-0.1299266647003177,0.008815674650034633,True,1.0951110408641398,True,3.1716851367491472e-12
100,5,1000641,0.5,0.01,3,10,45.653428208082914,True,0.0020965880364445244,-0.08397982691947815,0.0020965880364445244,True,0.5975254997611046,True,1.2330692022999301e-12
100,5,1000642,0.5,0.01,3,10,136.38489104202017,True,0.006208299326894262,-0.1118657472058209,0.006208299326894262,True,3.263647625222802,False,
100,10,1001123,0.5,0.01,4,10,179.1544552501291,True,0.0087276780442615,-0.012436216546731795,0.0087276780442615,True,0.7682791673578322,True,5.193789842650176e-12
100,10,1001124,0.5,0.01,4,10,115.00553433271125,True,0.0010567085600933224,-0.041003957528017485,0.0010567085600933224,True,0.9166188333183527,True,4.5852210917018965e-14
100,10,1001125,0.5,0.01,4,10,397.0375057924539,True,0.0038285890257144795,-0.002460965084048308,0.0038285890257144795,True,1.683520708233118,False,
100,10,1001126,0.5,0.01,4,10,56.00451875012368,True,0.004741290554779565,-0.07612846516785304,0.004741290554779565,True,1.0547417919151485,True,1.1322054405127346e-12
100,10,1001127,0.5,0.01,4,10,73.45521545829251,True,0.006481282738904803,-0.004687171334930064,0.006481282738904803,True,1.6286181658506393,True,1.1102230246251565e-16
100,10,1001128,0.5,0.01,4,10,76.26299441605806,True,0.003917936310949721,-0.005955292733795559,0.003917936310949721,True,1.2206240827217698,True,2.220446049250313e-16
100,10,1001129,0.5,0.01,4,10,218.28306241659448,True,0.004831231837519434,-0.033863952374039864,0.004831231837519434,True,5.869221707805991,False,
100,10,1001130,0.5,0.01,4,10,319.522524042055,True,0.008014498661348679,-0.007658666543784996,0.008014498661348679,True,4.379925082903355,False,
100,10,1001131,0.5,0.01,4,10,96.52096741693094,True,0.00987708167075313,-0.039169971069336194,0.00987708167075313,True,1.0085077499970794,True,3.497202527569243e-14
100,10,1001132,0.5,0.01,4,10,144.54766133287922,True,0.007673671447384567,-0.03140657883510517,0.007673671447384567,True,1.7700722091831267,True,4.819478149897805e-13
100,10,1001133,0.5,0.01,4,10,86.7791771250777,True,0.004596208909684152,-0.016785329798801537,0.004596208909684152,True,1.3419630001299083,True,0.0
100,10,1001134,0.5,0.01,4,10,218.81826758291572,True,0.0078108027155537885,-0.06053011079309857,0.0078108027155537885,True,5.5815626247785985,False,
100,10,1001135,0.5,0.01,4,10,142.63229512469843,True,0.005805490866127805,-0.02506017208823128,0.005805490866127805,True,4.4579969169572,False,
100,10,1001136,0.5,0.01,4,10,361.64207704085857,True,0.009607008857216881,-0.01531736265599866,0.009607008857216881,True,3.1855774577707052,True,1.1102230246251565e-16
100,10,1001137,0.5,0.01,4,10,59.56350008305162,True,0.0010786108755150847,-0.0379971437764869,0.0010786108755150847,True,3.192918333224952,True,1.887379141862766e-15
100,10,1001138,0.5,0.01,4,10,73.10218358272687,True,0.00664269340869561,-0.021300353426533025,0.00664269340869561,True,1.236755708232522,True,1.9062529332813938e-13
100,10,1001139,0.5,0.01,4,10,135.41949329106137,True,0.009738963297206416,-0.03027651169347879,0.009738963297206416,True,7.273075667209923,False,
100,10,1001140,0.5,0.01,4,10,124.05271904077381,True,0.007389531919258729,-0.01540658706015374,0.007389531919258729,True,1.5780838746577501,True,2.3869795029440866e-14
100,10,1001141,0.5,0.01,4,10,93.24400179181248,True,0.006439938648434507,-0.007493384589305342,0.006439938648434507,True,1.2594203753396869,True,2.220446049250313e-16
100,10,1001142,0.5,0.01,4,10,246.1654658340849,True,0.0034373792960766814,-0.018547975315084102,0.0034373792960766814,True,6.2624376667663455,False,
100,20,1002123,0.5,0.01,5,10,201.76300845807418,True,0.008720027520451312,-0.000523825418121089,0.008720027520451312,True,3.5680656656622887,True,0.0
100,20,1002124,0.5,0.01,5,10,289.32032691687346,True,0.003969653874004053,-0.009816830779831733,0.003969653874004053,True,9.581563292071223,False,
100,20,1002125,0.5,0.01,5,10,100.95704387500882,True,0.007401225371123088,0.006177852255784707,0.007401225371123088,True,3.4186165826395154,True,1.3489209749195652e-13
100,20,1002126,0.5,0.01,5,10,264.38224070798606,True,0.00920435402436337,-0.006003576676070707,0.00920435402436337,True,8.49765258282423,False,
100,20,1002127,0.5,0.01,5,10,374.9731909162365,True,0.008320267666965087,0.005435993792654076,0.008320267666965087,True,9.567526665981859,False,
100,20,1002128,0.5,0.01,5,10,104.62723720818758,True,0.0069162419786098495,-0.003866558510518911,0.0069162419786098495,True,8.900237833149731,False,
100,20,1002129,0.5,0.01,5,10,397.7015229589306,True,0.00677609379379418,-0.0014092795405582243,0.00677609379379418,True,6.3769619590602815,False,
100,20,1002130,0.5,0.01,5,10,418.6438803328201,True,0.008884193446847322,0.004688422313940886,0.008884193446847322,True,3.7514075422659516,False,
100,20,1002131,0.5,0.01,5,10,675.5436912919395,True,0.009182133586170038,-0.0072047928238046025,0.009182133586170038,True,9.62797954166308,False,
100,20,1002132,0.5,0.01,5,10,148.5208841250278,True,0.007811928635710508,-0.023472573462222243,0.007811928635710508,True,10.103432207833976,False,
100,20,1002133,0.5,0.01,5,10,123.0742099583149,True,0.008560355848752366,0.005889480385781083,0.008560355848752366,True,7.191515374928713,False,
100,20,1002134,0.5,0.01,5,10,140.8423939170316,True,0.007669042131885906,-0.002489075637441641,0.007669042131885906,True,11.152575333137065,False,
100,20,1002135,0.5,0.01,5,10,149.5867721666582,True,0.005771837862997009,-0.0019957997450834835,0.005771837862997009,True,9.691402750089765,False,
100,20,1002136,0.5,0.01,5,10,200.59430858306587,True,0.008286155533522188,-0.009852144127818013,0.008286155533522188,True,8.271314249839634,False,
100,20,1002137,0.5,0.01,5,10,326.076830459293,True,0.009381226662202646,0.00467990811630487,0.009381226662202646,True,3.6415538326837122,True,0.0
100,20,1002138,0.5,0.01,5,10,261.1952528329566,True,0.006423296709826443,0.0013495933929284643,0.006423296709826443,True,10.902389457914978,False,
100,20,1002139,0.5,0.01,5,10,92.6376830409281,True,0.007938230586688966,-0.007904311491835705,0.007938230586688966,True,15.824106458108872,False,
100,20,1002140,0.5,0.01,5,10,557.2596144159324,True,0.009448920059879073,-0.011494524661962869,0.009448920059879073,True,13.711387250106782,False,
100,20,1002141,0.5,0.01,5,10,118.6425824998878,True,0.008685778408562217,0.00517089802820255,0.008685778408562217,True,7.384953333064914,False,
100,20,1002142,0.5,0.01,5,10,138.28952016681433,True,0.0044708330463437695,0.0022357829417656238,0.0044708330463437695,True,9.020592084154487,False,
100,50,1005123,0.5,0.01,8,10,1965.4446674170904,False,,0.013655671741286981,,False,35.824383166152984,False,
100,50,1005124,0.5,0.01,8,10,2038.038773166947,False,,0.01049871658362036,,False,36.403933625202626,False,
100,50,1005125,0.5,0.01,8,10,1948.7190016671084,False,,0.007802409062658762,,False,33.565948540810496,False,
100,50,1005126,0.5,0.01,8,10,1933.6378632499836,False,,0.008951812146972932,,False,33.89375462476164,False,
100,50,1005127,0.5,0.01,8,10,2002.6988428747281,False,,0.011267672939080528,,False,43.523873209021986,False,
100,50,1005128,0.5,0.01,8,10,1933.7609455408528,False,,0.007329892702612864,,False,38.193407708313316,False,
100,50,1005129,0.5,0.01,8,10,1849.656750000082,False,,0.009688287199130709,,False,29.954867084044963,False,
100,50,1005130,0.5,0.01,8,10,1925.3025242500007,False,,0.007993445711177547,,False,24.887247083242983,False,
100,50,1005131,0.5,0.01,8,10,1006.5674661248922,True,0.009744095159842092,0.0035888153233471147,0.009744095159842092,True,46.74455237528309,False,
100,50,1005132,0.5,0.01,8,10,1894.3340974580497,False,,0.007232336591570408,,False,19.707106499932706,False,
100,50,1005133,0.5,0.01,8,10,1356.6319427499548,True,0.00573232654116651,0.006555136310354841,0.00573232654116651,True,33.337078750133514,False,
100,50,1005134,0.5,0.01,8,10,1716.2173477499746,False,,0.01233879525498315,,False,15.215543834026903,False,
100,50,1005135,0.5,0.01,8,10,1139.9905127501115,True,0.006339750703466263,0.00316789009474916,0.006339750703466263,True,36.87285108305514,False,
100,50,1005136,0.5,0.01,8,10,2041.7206196673214,False,,0.00874097826446399,,False,32.72619029181078,False,
100,50,1005137,0.5,0.01,8,10,1927.0676682088524,True,0.006235143468863891,0.0009672371974089549,0.006235143468863891,True,38.58144195890054,False,
100,50,1005138,0.5,0.01,8,10,2015.392890083138,False,,0.0077661166757893715,,False,36.632484584115446,False,
100,50,1005139,0.5,0.01,8,10,1778.7361412909813,True,0.004351396915185934,0.004598428339318576,0.004351396915185934,True,34.11201645806432,False,
100,50,1005140,0.5,0.01,8,10,1977.8605875000358,False,,0.00823082023162233,,False,36.04914445895702,False,
100,50,1005141,0.5,0.01,8,10,1913.9887433326803,False,0.01154549412707051,0.005992331475901559,0.01154549412707051,True,17.845594875048846,False,
100,50,1005142,0.5,0.01,8,10,1356.6603816254064,False,,0.008458181759873618,,False,15.621436249930412,False,
250,5,2500623,0.5,0.01,3,16,75.92020170902833,True,0.001993662461303114,-0.10093677666264042,0.001993662461303114,True,1.6895725829526782,True,5.551115123125783e-17
250,5,2500624,0.5,0.01,3,16,85.66270254133269,True,0.005110471383491355,-0.09193043006771161,0.005110471383491355,True,2.040463499724865,True,1.1102230246251565e-16
250,5,2500625,0.5,0.01,3,16,78.71982237510383,True,0.007947781186427916,-0.07657764175587689,0.007947781186427916,True,7.904323874972761,True,1.9006463070070367e-12
250,5,2500626,0.5,0.01,3,16,86.47432466596365,True,0.009678054034131411,-0.08215686050116489,0.009678054034131411,True,210.96635404182598,True,0.0
250,5,2500627,0.5,0.01,3,16,159.1890029590577,True,0.005592182090262909,-0.10720585491045448,0.005592182090262909,True,6.592829125002027,True,2.808864252301646e-14
250,5,2500628,0.5,0.01,3,16,265.41920887539163,True,0.004300543748573249,-0.07571212619284165,0.004300543748573249,True,2.090704374946654,True,0.0
250,5,2500629,0.5,0.01,3,16,286.6620647497475,True,0.000766472231615245,-0.13191309370700727,0.000766472231615245,True,2.7929019168950617,True,5.551115123125783e-16
250,5,2500630,0.5,0.01,3,16,85.78917379211634,True,0.0057736869200542,-0.10501705049805965,0.0057736869200542,True,6.171087125316262,True,0.0
250,5,2500631,0.5,0.01,3,16,81.98148779198527,True,0.008073261868477677,-0.14160976893300256,0.008073261868477677,True,1.86183345830068,True,1.1102230246251565e-16
250,5,2500632,0.5,0.01,3,16,87.24557683290914,True,0.007588276930667659,-0.09849165263591192,0.007588276930667659,True,1.7472104169428349,True,5.551115123125783e-17
250,5,2500633,0.5,0.01,3,16,99.93154783267528,True,0.00569782316385109,-0.1339865463565561,0.00569782316385109,True,1.3928527082316577,True,3.885780586188048e-16
250,5,2500634,0.5,0.01,3,16,58.908775249961764,True,0.009225903369315114,-0.1227950743552463,0.009225903369315114,True,1.877862749621272,True,5.551115123125783e-17
250,5,2500635,0.5,0.01,3,16,76.0183058748953,True,0.002762474179354879,-0.11497141598915751,0.002762474179354879,True,5.813952082768083,True,6.106226635438361e-16
250,5,2500636,0.5,0.01,3,16,140.6382677089423,True,0.005439780379452919,-0.14974589525247423,0.005439780379452919,True,1.5682764588855207,True,5.551115123125783e-17
250,5,2500637,0.5,0.01,3,16,95.54972741706297,True,0.006660446896879169,-0.19020773389886722,0.006660446896879169,True,4.534072916023433,True,1.7763568394002505e-15
250,5,2500638,0.5,0.01,3,16,65.00106312520802,True,0.004365226354903606,-0.08486870912975783,0.004365226354903606,True,2.312865875195712,True,1.8895995879120164e-13
250,5,2500639,0.5,0.01,3,16,168.0932400408201,True,0.003727939151559001,-0.13025178143439994,0.003727939151559001,True,6.153066291939467,True,2.9976021664879227e-15
250,5,2500640,0.5,0.01,3,16,93.07312779128551,True,0.0035167870407686874,-0.04045392369910875,0.0035167870407686874,True,4.50777249969542,True,5.551115123125783e-17
250,5,2500641,0.5,0.01,3,16,98.32493279222399,True,0.0025905170624484497,-0.0953325409199783,0.0025905170624484497,True,4.397880499716848,True,2.3320234632251413e-13
250,5,2500642,0.5,0.01,3,16,91.53711295919493,True,0.004095341032500033,-0.0952835631808644,0.004095341032500033,True,3.3438310408964753,True,6.88338275267597e-14
250,10,2501123,0.5,0.01,4,16,183.84948162501678,True,0.005264161642488774,-0.07858302365240788,0.005264161642488774,True,11.912769749760628,True,7.752132269445156e-13
250,10,2501124,0.5,0.01,4,16,147.14904645783827,True,0.007216065809844907,-0.03566832368956687,0.007216065809844907,True,54.70909733418375,False,
250,10,2501125,0.5,0.01,4,16,179.145173500292,True,0.006728663127002987,-0.04658144260939274,0.006728663127002987,True,30.685989916790277,False,
250,10,2501126,0.5,0.01,4,16,130.56534766685218,True,0.0057258421735489895,-0.0486776563393746,0.0057258421735489895,True,38.118200624827296,False,
250,10,2501127,0.5,0.01,4,16,162.05527799995616,True,0.0042691808880876425,-0.021888286010390497,0.0042691808880876425,True,24.53929925011471,False,
250,10,2501128,0.5,0.01,4,16,156.7823890419677,True,0.006621832891650914,-0.04117615391021698,0.006621832891650914,True,30.68409241596237,False,
250,10,2501129,0.5,0.01,4,16,151.36798795778304,True,0.00965608476553853,-0.04809975350570359,0.00965608476553853,True,28.55429570795968,False,
250,10,2501130,0.5,0.01,4,16,335.8360445420258,True,0.007068234413781682,-0.0568481159845607,0.007068234413781682,True,32.26424366701394,False,
250,10,2501131,0.5,0.01,4,16,211.95648804213852,True,0.005077436691602322,-0.04290796693841927,0.005077436691602322,True,28.927333666943014,False,
250,10,2501132,0.5,0.01,4,16,114.72667162492871,True,0.009932177468686465,-0.029811284589852806,0.009932177468686465,True,3.6855727080255747,True,1.397326698793222e-12
250,10,2501133,0.5,0.01,4,16,209.7836725418456,True,0.006655458288557459,-0.04001950068256019,0.006655458288557459,True,4.1162959998473525,True,4.440892098500626e-15
250,10,2501134,0.5,0.01,4,16,153.93614199990407,True,0.00970610004634681,-0.03134018811001723,0.00970610004634681,True,23.209744417108595,False,
250,10,2501135,0.5,0.01,4,16,255.78807587502524,True,0.007056357863495066,-0.042327042242801906,0.007056357863495066,True,302.4243104578927,False,
250,10,2501136,0.5,0.01,4,16,151.60928441677243,True,0.008268979203633398,-0.04842478586930248,0.008268979203633398,True,26.445040417369455,False,
250,10,2501137,0.5,0.01,4,16,118.39515716675669,True,0.001627317155650565,-0.03691290478998069,0.001627317155650565,True,27.095959041267633,False,
250,10,2501138,0.5,0.01,4,16,166.22999404091388,True,0.008783068367972102,-0.08570814183926048,0.008783068367972102,True,6.402234500274062,True,0.0
250,10,2501139,0.5,0.01,4,16,156.34726870898157,True,0.005663005741825822,-0.08015716523208073,0.005663005741825822,True,48.219647999852896,False,
250,10,2501140,0.5,0.01,4,16,144.61016320809722,True,0.005348484824879263,-0.04470901113400633,0.005348484824879263,True,22.850550041999668,False,
250,10,2501141,0.5,0.01,4,16,255.3122546672821,True,0.0020627382428549668,-0.07214939376900971,0.0020627382428549668,True,7.10951720783487,True,6.994405055138486e-15
250,10,2501142,0.5,0.01,4,16,137.3589743329212,True,0.003822307103950151,-0.04454797301524536,0.003822307103950151,True,22.68136370787397,False,
250,20,2502123,0.5,0.01,5,16,367.07347466703504,True,0.0064842137573452585,-0.006677632495639368,0.0064842137573452585,True,63.95517633296549,False,
250,20,2502124,0.5,0.01,5,16,293.79040100006387,True,0.005079215886223398,-0.010001085806271797,0.005079215886223398,True,32.673707833047956,False,
250,20,2502125,0.5,0.01,5,16,1252.078006000258,True,0.009654717560584003,-0.0181089489508372,0.009654717560584003,True,46.471656166017056,False,
250,20,2502126,0.5,0.01,5,16,249.72778679197654,True,0.007127613211365014,-0.006628047315736128,0.007127613211365014,True,42.69583041686565,False,
250,20,2502127,0.5,0.01,5,16,226.3909399160184,True,0.009371818309031832,-0.01233816461199316,0.009371818309031832,True,56.825680000241846,False,
250,20,2502128,0.5,0.01,5,16,354.5913989995606,True,0.006948215113371792,0.003244150509422996,0.006948215113371792,True,36.969029707834125,False,
250,20,2502129,0.5,0.01,5,16,588.893914416898,True,0.008933112487311934,-0.012710288369869063,0.008933112487311934,True,40.85571904107928,False,
250,20,2502130,0.5,0.01,5,16,372.89193879207596,True,0.005290853962069519,-0.0008053136481317008,0.005290853962069519,True,37.53992145881057,False,
250,20,2502131,0.5,0.01,5,16,333.8612434589304,True,0.006954393373942047,0.002408847365377359,0.006954393373942047,True,56.59824095806107,False,
250,20,2502132,0.5,0.01,5,16,257.6745650409721,True,0.007718129616239411,-0.0031206703165464916,0.007718129616239411,True,38.21848912490532,False,
250,20,2502133,0.5,0.01,5,16,228.01803333405405,True,0.007642660571988369,-0.0017090492002200626,0.007642660571988369,True,44.870195667259395,False,
250,20,2502134,0.5,0.01,5,16,262.1132568330504,True,0.00977608961663251,-0.015268355496201863,0.00977608961663251,True,32.8609105409123,False,
250,20,2502135,0.5,0.01,5,16,811.2370702498592,True,0.006575019511629088,0.0013415212238054267,0.006575019511629088,True,52.32091012503952,False,
250,20,2502136,0.5,0.01,5,16,303.02431979216635,True,0.0058782098777381275,-0.00853687472762654,0.0058782098777381275,True,48.19276512507349,False,
250,20,2502137,0.5,0.01,5,16,290.3087843749672,True,0.009591870355399934,0.0024532339759890075,0.009591870355399934,True,65.16849970771,False,
250,20,2502138,0.5,0.01,5,16,331.43380645802245,True,0.008829162792500234,-0.0012551814394560728,0.008829162792500234,True,55.99759624991566,False,
250,20,2502139,0.5,0.01,5,16,941.6199052091688,True,0.00852744828498847,0.004450959976852662,0.00852744828498847,True,50.04640137497336,False,
250,20,2502140,0.5,0.01,5,16,317.7654464156367,True,0.008538079569466617,-0.000979289736141918,0.008538079569466617,True,47.166458500083536,False,
250,20,2502141,0.5,0.01,5,16,206.04579737503082,True,0.0025252330003169843,-0.0030389528647552905,0.0025252330003169843,True,35.60098179196939,False,
250,20,2502142,0.5,0.01,5,16,778.4638612908311,True,0.006665310093436849,-0.004774921289122761,0.006665310093436849,True,37.867944333236665,False,
250,50,2505123,0.5,0.01,8,16,2484.0915967919864,True,0.007687645391914466,0.005484370273702003,0.007687645391914466,True,28.363986375276,True,3.1896707497480747e-13
250,50,2505124,0.5,0.01,8,16,1978.2855357499793,True,0.009107682906164427,0.002519810812219799,0.009107682906164427,True,64.59140800032765,False,
250,50,2505125,0.5,0.01,8,16,1135.3969163331203,True,0.005229222705871006,0.0009943449124596197,0.005229222705871006,True,90.39247304201126,False,
250,50,2505126,0.5,0.01,8,16,2828.8799628331326,True,0.0057499098123969805,0.0057054784273122515,0.0057499098123969805,True,63.692122417036444,False,
250,50,2505127,0.5,0.01,8,16,3598.4115450419486,False,,0.006979939747104504,,False,126.26372033264488,False,
250,50,2505128,0.5,0.01,8,16,2001.7875652923249,True,0.00412450138098841,0.005776867441611555,0.00412450138098841,True,124.29042566614226,False,
250,50,2505129,0.5,0.01,8,16,4359.7749663330615,True,0.005685036950398126,0.006602331341830978,0.005685036950398126,True,110.30622679088265,False,
250,50,2505130,0.5,0.01,8,16,1358.7404494173825,True,0.009957211320259729,0.006504234206231604,0.009957211320259729,True,125.32536312472075,False,
250,50,2505131,0.5,0.01,8,16,3294.1252235001884,True,0.006215725023329344,0.0036147693597220376,0.006215725023329344,True,106.207863625139,False,
250,50,2505132,0.5,0.01,8,16,1100.3786953333765,True,0.005711476894086687,0.006370165509912021,0.005711476894086687,True,138.85372991627082,False,
250,50,2505133,0.5,0.01,8,16,2675.2920454577543,True,0.004353579379870465,0.004190904911377748,0.004353579379870465,True,107.48981370776892,False,
250,50,2505134,0.5,0.01,8,16,4837.923950832803,False,0.011186802727791878,0.006155683895494372,0.011186802727791878,True,104.80011900002137,False,
250,50,2505135,0.5,0.01,8,16,3408.990377208218,False,,0.0087155925740892,,False,106.54607166582718,False,
250,50,2505136,0.5,0.01,8,16,1559.9443995831534,True,0.004755204175679872,0.004758328797722147,0.004755204175679872,True,113.19592104200274,False,
250,50,2505137,0.5,0.01,8,16,1986.8651725840755,True,0.006120739004519149,0.006657678119807065,0.006120739004519149,True,111.57032929128036,False,
250,50,2505138,0.5,0.01,8,16,3596.930857582949,True,0.007987865268933025,0.005483616424249132,0.007987865268933025,True,47.08854483393952,False,
250,50,2505139,0.5,0.01,8,16,1369.6187831251882,True,0.0027132882972162875,0.00045858362731541867,0.0027132882972162875,True,106.43425345793366,False,
250,50,2505140,0.5,0.01,8,16,1798.3297772090882,True,0.006949514692110581,0.0050719615411951935,0.006949514692110581,True,111.68538345815614,False,
250,50,2505141,0.5,0.01,8,16,1663.9462640830316,True,0.003795222562874123,0.005195197630900953,0.003795222562874123,True,95.75594112463295,False,
250,50,2505142,0.5,0.01,8,16,1573.6107665831223,True,0.008080688888842169,0.006137909483110865,0.008080688888842169,True,72.83826337521896,False,
500,5,5000623,0.5,0.01,3,23,413.1979254591279,True,0.00275499171017235,-0.15965075256812272,0.00275499171017235,True,38.956112707965076,False,
500,5,5000624,0.5,0.01,3,23,170.71778008295223,True,0.006586934690690716,-0.0948214790731634,0.006586934690690716,True,57.66039045806974,False,
500,5,5000625,0.5,0.01,3,23,213.3301024576649,True,0.003900731083862574,-0.15768966426197972,0.003900731083862574,True,6.358522541821003,True,
500,5,5000626,0.5,0.01,3,23,194.5011363751255,True,0.009543899195520733,-0.1588162346235812,0.009543899195520733,True,52.02252670796588,False,
500,5,5000627,0.5,0.01,3,23,197.02730737486854,True,0.009592447254979541,-0.1700366343015023,0.009592447254979541,True,24.218035000376403,True,
500,5,5000628,0.5,0.01,3,23,232.79587000003085,True,0.00427167078401286,-0.08619677562596416,0.00427167078401286,True,3.898651083931327,True,
500,5,5000629,0.5,0.01,3,23,225.69945758394897,True,0.0028881073018070524,-0.1498260687749017,0.0028881073018070524,True,24.91876145778224,True,
500,5,5000630,0.5,0.01,3,23,428.7851225002669,True,0.004955287864292446,-0.17532140460755896,0.004955287864292446,True,47.70038795797154,False,
500,5,5000631,0.5,0.01,3,23,282.643314790912,True,0.006086031456491503,-0.10021085753268691,0.006086031456491503,True,18.476538833230734,True,
500,5,5000632,0.5,0.01,3,23,520.5703083327971,True,0.007812965024987906,-0.16046592176326174,0.007812965024987906,True,13.466697750147432,True,1.6653345369377348e-16
500,5,5000633,0.5,0.01,3,23,273.51255591679364,True,0.0058142541657777436,-0.1358334490703147,0.0058142541657777436,True,8.04785104142502,True,
500,5,5000634,0.5,0.01,3,23,220.68742508394644,True,0.00346068778318126,-0.14525106084889708,0.00346068778318126,True,10.847054666373879,True,1.1102230246251565e-16
500,5,5000635,0.5,0.01,3,23,244.79699416691437,True,0.006062491596870667,-0.12538644519714148,0.006062491596870667,True,51.3035529172048,False,
500,5,5000636,0.5,0.01,3,23,241.48922358360142,True,0.009160730966161046,-0.16164168802825246,0.009160730966161046,True,4.030416042078286,True,
500,5,5000637,0.5,0.01,3,23,228.42184020811692,True,0.005965239011411716,-0.12829658209979522,0.005965239011411716,True,22.11427441658452,True,0.0
500,5,5000638,0.5,0.01,3,23,406.7241655411199,True,0.0072604796368402336,-0.10140424332726908,0.0072604796368402336,True,6.974752957932651,True,
500,5,5000639,0.5,0.01,3,23,234.00463795894757,True,0.006562712848818153,-0.16076691397039808,0.006562712848818153,True,53.56286087492481,False,
500,5,5000640,0.5,0.01,3,23,224.2253387500532,True,0.004952533697369366,-0.1287347738250834,0.004952533697369366,True,10.767143957782537,True,5.551115123125783e-17
500,5,5000641,0.5,0.01,3,23,227.55527866724879,True,0.004958501693198558,-0.15698483597361948,0.004958501693198558,True,3.6100711659528315,True,
500,5,5000642,0.5,0.01,3,23,230.38745554210618,True,0.007997602538075299,-0.1423826893939432,0.007997602538075299,True,50.6138012916781,False,
500,10,5001123,0.5,0.01,4,23,290.4143007500097,True,0.009073826030663756,-0.052344257790771585,0.009073826030663756,True,196.2080244589597,False,
500,10,5001124,0.5,0.01,4,23,350.4303445410915,True,0.00836193226741655,-0.04020472459976949,0.00836193226741655,True,77.29128854209557,False,
500,10,5001125,0.5,0.01,4,23,512.391147708986,True,0.009898572536409744,-0.06329916331537841,0.009898572536409744,True,68.82428800035268,False,
500,10,5001126,0.5,0.01,4,23,380.9055756670423,True,0.00771292571397475,-0.04928092288188073,0.00771292571397475,True,128.7586970422417,False,
500,10,5001127,0.5,0.01,4,23,459.2610628330149,True,0.006442833913733292,-0.05046199126134495,0.006442833913733292,True,114.29603933310136,False,
500,10,5001128,0.5,0.01,4,23,319.51493154186755,True,0.008475278620465931,-0.05207429055068652,0.008475278620465931,True,153.60506570758298,False,
500,10,5001129,0.5,0.01,4,23,417.2603356251493,True,0.00416897889399459,-0.03548487510360104,0.00416897889399459,True,160.47400345792994,False,
500,10,5001130,0.5,0.01,4,23,713.5359780420549,True,0.0047386589764542575,-0.028018212151478716,0.0047386589764542575,True,47.473582124803215,False,
500,10,5001131,0.5,0.01,4,23,463.3866252503358,True,0.006241488710686693,-0.05462300842504574,0.006241488710686693,True,129.04815908288583,False,
500,10,5001132,0.5,0.01,4,23,426.21875537512824,True,0.006472166778432542,-0.024532926856707996,0.006472166778432542,True,89.68491983273998,False,
500,10,5001133,0.5,0.01,4,23,357.40864000003785,True,0.004721722529560102,-0.037073539419821146,0.004721722529560102,True,104.4534225417301,False,
500,10,5001134,0.5,0.01,4,23,393.2815619171597,True,0.004494627880787472,-0.07701948498818012,0.004494627880787472,True,90.32659195829183,False,
500,10,5001135,0.5,0.01,4,23,450.64210000028834,True,0.006620873391239679,-0.05571573521859378,0.006620873391239679,True,149.38264012522995,False,
500,10,5001136,0.5,0.01,4,23,1052.1924023330212,True,0.0025312529995100697,-0.03523325833794794,0.0025312529995100697,True,92.81925266608596,False,
500,10,5001137,0.5,0.01,4,23,447.86856537498534,True,0.006331580525209324,-0.06305964494131143,0.006331580525209324,True,134.5284217922017,False,
500,10,5001138,0.5,0.01,4,23,384.962617542129,True,0.009206340244642897,-0.03708188937528457,0.009206340244642897,True,138.81387312477455,False,
500,10,5001139,0.5,0.01,4,23,503.4676201250404,True,0.009245317265712594,-0.028136064137381366,0.009245317265712594,True,194.86320258304477,False,
500,10,5001140,0.5,0.01,4,23,1261.4277355410159,True,0.006455277369751544,-0.049795487272656834,0.006455277369751544,True,115.89590191608295,False,
500,10,5001141,0.5,0.01,4,23,408.3323372080922,True,0.009679170523696934,-0.045743514425511264,0.009679170523696934,True,111.80446100002155,False,
500,10,5001142,0.5,0.01,4,23,358.4652196671814,True,0.0032791296485491506,-0.049725279966373534,0.0032791296485491506,True,147.69607133278623,False,
500,20,5002123,0.5,0.01,5,23,869.7473907079548,True,0.007833202815366258,-0.012710453641639379,0.007833202815366258,True,153.69813675014302,False,
500,20,5002124,0.5,0.01,5,23,656.864204000216,True,0.006501400203462293,-0.009714048036969153,0.006501400203462293,True,165.91543604107574,False,
500,20,5002125,0.5,0.01,5,23,698.3534748330712,True,0.009586940424070767,-0.0063812949829885,0.009586940424070767,True,215.07713258406147,False,
500,20,5002126,0.5,0.01,5,23,686.4099578331225,True,0.00877022343217071,-0.01728327623540072,0.00877022343217071,True,154.245548249688,False,
500,20,5002127,0.5,0.01,5,23,1213.5857885000296,True,0.007897443720261743,-0.0031935360089238086,0.007897443720261743,True,173.3797545833513,False,
500,20,5002128,0.5,0.01,5,23,637.1276494590566,True,0.004824138852834781,-0.02105880574943505,0.004824138852834781,True,153.90402474999428,False,
500,20,5002129,0.5,0.01,5,23,567.4339054590091,True,0.005906783013538031,-0.020662210541565883,0.005906783013538031,True,293.27437766687945,False,
500,20,5002130,0.5,0.01,5,23,837.6971353329718,True,0.007429233373039357,0.00021737851843692024,0.007429233373039357,True,134.48713124962524,False,
500,20,5002131,0.5,0.01,5,23,630.4974215840921,True,0.00969503283398987,-0.014999587248346928,0.00969503283398987,True,162.34645583387464,False,
500,20,5002132,0.5,0.01,5,23,1212.6400300827809,True,0.006963374351658613,0.0006735235726056775,0.006963374351658613,True,202.5236092088744,False,
500,20,5002133,0.5,0.01,5,23,827.4143191250041,True,0.0071146172942896935,-0.0032645966385177532,0.0071146172942896935,True,164.30671433312818,False,
500,20,5002134,0.5,0.01,5,23,810.4055144581944,True,0.009084330366842586,-0.009766482656881985,0.009084330366842586,True,169.49978258274496,False,
500,20,5002135,0.5,0.01,5,23,1823.8103063330054,True,0.008592509364032164,-0.005629292381582146,0.008592509364032164,True,226.46854312485084,False,
500,20,5002136,0.5,0.01,5,23,751.6014319579117,True,0.005705749433417506,-0.018454023399993257,0.005705749433417506,True,163.83997650025412,False,
500,20,5002137,0.5,0.01,5,23,716.5992609579116,True,0.008882923636440554,-0.000429569159431209,0.008882923636440554,True,144.44889966677874,False,
500,20,5002138,0.5,0.01,5,23,477.1668816250749,True,0.009651141546839825,-0.008578228897999439,0.009651141546839825,True,90.67882333416492,False,
500,20,5002139,0.5,0.01,5,23,854.5360544580035,True,0.005655635748646304,-0.005943503034198511,0.005655635748646304,True,147.42180370911956,False,
500,20,5002140,0.5,0.01,5,23,660.2228220412508,True,0.008682552914414887,-0.014345326322828946,0.008682552914414887,True,174.48225087486207,False,
500,20,5002141,0.5,0.01,5,23,1417.791927792132,True,0.008261043057764095,-0.01880464007230669,0.008261043057764095,True,133.01953308284283,False,
500,20,5002142,0.5,0.01,5,23,685.4155522077344,True,0.009331485083678037,-0.006195316668301269,0.009331485083678037,True,136.99222441622987,False,
500,50,5005123,0.5,0.01,8,23,2804.782495125197,True,0.0046934652695064805,0.005750710624479701,0.0046934652695064805,True,378.0524258748628,False,
500,50,5005124,0.5,0.01,8,23,2940.3860124996863,True,0.0055231591609014585,0.004580888935090795,0.0055231591609014585,True,315.79770383425057,False,
500,50,5005125,0.5,0.01,8,23,3401.7203907081857,True,0.007459302610725915,0.006225753579896813,0.007459302610725915,True,311.58667220780626,False,
500,50,5005126,0.5,0.01,8,23,2987.9949688748457,True,0.004111180914360135,0.0058736185285675,0.004111180914360135,True,336.771639959421,False,
500,50,5005127,0.5,0.01,8,23,2294.747029457707,True,0.004853617798099785,0.005307541488066262,0.004853617798099785,True,321.48454891704023,False,
500,50,5005128,0.5,0.01,8,23,2850.5934195830487,True,0.006807001688846237,0.006226399666279457,0.006807001688846237,True,416.9589900840074,False,
500,50,5005129,0.5,0.01,8,23,2478.6973342499696,True,0.005265777396767146,0.004112857514450127,0.005265777396767146,True,316.53884554235265,False,
500,50,5005130,0.5,0.01,8,23,2019.3768183332868,True,0.004199874382606494,0.005330573585588033,0.004199874382606494,True,359.68179370835423,False,
500,50,5005131,0.5,0.01,8,23,2161.387607290875,True,0.006495580988431837,0.0038654877292840922,0.006495580988431837,True,330.6724355421029,False,
500,50,5005132,0.5,0.01,8,23,2309.740684832912,True,0.006294011020502921,-7.626970492910285e-05,0.006294011020502921,True,437.1505245831795,False,
500,50,5005133,0.5,0.01,8,23,1932.6706095836125,True,0.007451545677806981,0.00617105774239611,0.007451545677806981,True,403.6682514161803,False,
500,50,5005134,0.5,0.01,8,23,2360.1999361668713,True,0.004900857329480146,0.0058493930802527684,0.004900857329480146,True,365.4628216670826,False,
500,50,5005135,0.5,0.01,8,23,2588.872647542041,True,0.006257465332712153,0.0053364439994425476,0.006257465332712153,True,383.8647407912649,False,
500,50,5005136,0.5,0.01,8,23,2009.1706232503057,True,0.006366179286720619,0.005674219562085689,0.006366179286720619,True,432.90047141723335,False,
500,50,5005137,0.5,0.01,8,23,4026.934472708963,True,0.0083777270553001,0.0059158589430659695,0.0083777270553001,True,397.1087177079171,False,
500,50,5005138,0.5,0.01,8,23,3519.1828438341618,True,0.005568981518933036,0.0033399766810521037,0.005568981518933036,True,289.85352141736075,False,
500,50,5005139,0.5,0.01,8,23,3259.600434166845,True,0.006081942160752418,0.005732592843115149,0.006081942160752418,True,333.67016024980694,False,
500,50,5005140,0.5,0.01,8,23,1605.1296145417728,True,0.00460066694820338,0.006161094417492054,0.00460066694820338,True,349.6279722917825,False,
500,50,5005141,0.5,0.01,8,23,2347.8789674169384,True,0.006155606777445921,0.004420676099248025,0.006155606777445921,True,252.6692584999837,False,
500,50,5005142,0.5,0.01,8,23,2433.99105766695,True,0.009610361516849575,0.0038057831496122606,0.009610361516849575,True,170.19228408299387,False,
