risk,K,n,seed,gamma,alpha,entropy_kappa,smoothing_tau,step_size,theta_step_size,step_decay,max_iter,minibatch_size,regret_tolerance,record_every,certify_every,method,continuation_stage,stage_iteration,iteration,start_index,start_iteration,selected_stage,stage_improvement,stage_relative_improvement,stage_termination_reason,continuation_stop_reason,residual_norm,objective,eta,regret1,regret2,theta1,theta2
cvar,500,50,15328123,0.5,0.5,0.01,0.002,500.0,1e-05,0.5,2000,23,0.01,100,100,full_batch,0,0,0,0,0,True,nan,nan,stagnation,,0.2645266017064113,0.03498716150517118,0.05475692245987551,0.04864097188852706,0.05475692245987551,0.4965628538077235,0.5025077703221681
cvar,500,50,15328123,0.5,0.5,0.01,0.002,500.0,1e-05,0.5,2000,23,0.01,100,100,full_batch,0,100,100,0,100,True,nan,nan,stagnation,,1.2532947472480012,0.7853738617397156,0.04773997680031472,0.04773997680031472,0.03534687952732629,0.49644878110682505,0.5024215221628724
cvar,500,50,15328123,0.5,0.5,0.01,0.002,500.0,1e-05,0.5,2000,23,0.01,100,100,full_batch,0,200,200,0,200,True,nan,nan,stagnation,,1.0162838130181926,0.5164163943013983,0.04601425922165292,0.04601425922165292,0.03473500565018517,0.4964443047025942,0.5024126683774849
cvar,500,50,15328123,0.5,0.5,0.01,0.002,500.0,1e-05,0.5,2000,23,0.01,100,100,full_batch,0,300,300,0,300,True,nan,nan,stagnation,,0.7987680441644435,0.31901519418914515,0.08293098338792437,0.08293098338792437,0.04538974089225678,0.4964501340127751,0.5024152731393337
cvar,500,50,15328123,0.5,0.5,0.01,0.002,500.0,1e-05,0.5,2000,23,0.01,100,100,full_batch,0,400,400,0,400,True,nan,nan,stagnation,,0.7642217136068751,0.2920174137741143,0.06364282738602334,0.06364282738602334,0.014544102598633701,0.4964634679631881,0.5024180304909092
cvar,500,50,15328123,0.5,0.5,0.01,0.002,500.0,1e-05,0.5,2000,23,0.01,100,100,full_batch,0,500,500,0,500,True,nan,nan,stagnation,,0.7423553257362798,0.27554571482450907,0.06791134125518516,0.06791134125518516,0.0164461089797292,0.4964750647437081,0.5024194061275318
cvar,500,50,15328123,0.5,0.5,0.01,0.002,500.0,1e-05,0.5,2000,23,0.01,100,100,full_batch,0,600,600,0,600,True,nan,nan,stagnation,,0.7254407808844161,0.2631321632850957,0.060640818889094894,0.060640818889094894,0.01405058042594931,0.4964851940745907,0.5024213955966069
cvar,500,50,15328123,0.5,0.5,0.01,0.002,500.0,1e-05,0.5,2000,23,0.01,100,100,full_batch,0,700,700,0,700,True,nan,nan,stagnation,,0.7126919693608875,0.2539649215957501,0.060165831238942924,0.060165831238942924,0.0158036305209992,0.4964936613566828,0.5024236722078532
cvar,500,50,15328123,0.5,0.5,0.01,0.002,500.0,1e-05,0.5,2000,23,0.01,100,100,full_batch,0,700,700,1,0,True,nan,nan,stagnation,,0.4338894421274476,0.09413002399483386,0.07635890463107886,0.07635890463107886,0.07634228789607922,0.4937601322509508,0.5120882387105102
cvar,500,50,15328123,0.5,0.5,0.01,0.002,500.0,1e-05,0.5,2000,23,0.01,100,100,full_batch,0,800,800,1,100,True,nan,nan,stagnation,,1.0357626455127367,0.5364021289197715,0.030476542915905735,0.030476542915905735,0.005210039200997052,0.493646404973829,0.5120133433643034
cvar,500,50,15328123,0.5,0.5,0.01,0.002,500.0,1e-05,0.5,2000,23,0.01,100,100,full_batch,0,900,900,1,200,True,nan,nan,stagnation,,0.838848179070499,0.351833133764946,0.03748670798093323,0.03748670798093323,0.0008493243773584069,0.4936420670377206,0.5120153413280751
cvar,500,50,15328123,0.5,0.5,0.01,0.002,500.0,1e-05,0.5,2000,23,0.01,100,100,full_batch,0,1000,1000,1,300,True,nan,nan,stagnation,,0.7415099707104443,0.274918518331502,0.021204693988101875,0.021204693988101875,0.0011775784942716916,0.4936430419023161,0.5120219794846919
cvar,500,50,15328123,0.5,0.5,0.01,0.002,500.0,1e-05,0.5,2000,23,0.01,100,100,full_batch,0,1100,1100,1,400,True,nan,nan,stagnation,,0.6995993450993846,0.24471962183174392,0.031492388586605746,0.031492388586605746,0.0037289842562788778,0.49364671666757814,0.5120313140842784
cvar,500,50,15328123,0.5,0.5,0.01,0.002,500.0,1e-05,0.5,2000,23,0.01,100,100,full_batch,0,1200,1200,1,500,True,nan,nan,stagnation,,0.7105173774638069,0.25241747183902297,0.021533444563382576,0.021533444563382576,0.007900133221158345,0.49365002652184387,0.5120407015986282
cvar,500,50,15328123,0.5,0.5,0.01,0.002,500.0,1e-05,0.5,2000,23,0.01,100,100,full_batch,0,1300,1300,1,600,True,nan,nan,stagnation,,0.6889300937091423,0.23731233700904378,0.024655714741517953,0.024655714741517953,0.009729716432750668,0.4936543185266206,0.5120491927339526
cvar,500,50,15328123,0.5,0.5,0.01,0.002,500.0,1e-05,0.5,2000,23,0.01,100,100,full_batch,0,1400,1400,1,700,True,nan,nan,stagnation,,0.6874569440450407,0.23629852495787307,0.021715257163972268,0.021715257163972268,0.007287979814223466,0.4936573684504853,0.5120569850008809
cvar,500,50,15328123,0.5,0.5,0.01,0.002,500.0,1e-05,0.5,2000,23,0.01,100,100,full_batch,0,1500,1500,1,800,True,nan,nan,stagnation,,0.6813558846570098,0.2321229207783682,0.021373205283398367,0.021373205283398367,0.008482059417082133,0.49365854044054996,0.5120642010471047
cvar,500,50,15328123,0.5,0.5,0.01,0.002,500.0,1e-05,0.5,2000,23,0.01,100,100,full_batch,0,1500,1500,2,0,True,nan,nan,stagnation,,0.42280509109225684,0.0893820725267658,0.0883801262660534,0.05050176462910866,0.0883801262660534,0.5001943238304432,0.5106717520205599
cvar,500,50,15328123,0.5,0.5,0.01,0.002,500.0,1e-05,0.5,2000,23,0.01,100,100,full_batch,0,1600,1600,2,100,True,nan,nan,stagnation,,1.2020063485445354,0.7224096309706836,0.06454124357182134,0.054594067267282775,0.06454124357182134,0.49997334128675636,0.5104468342953271
cvar,500,50,15328123,0.5,0.5,0.01,0.002,500.0,1e-05,0.5,2000,23,0.01,100,100,full_batch,0,1700,1700,2,200,True,nan,nan,stagnation,,0.888355320988951,0.3945875881646911,0.06365819575813503,0.026234186727029596,0.06365819575813503,0.49997073917812224,0.5104377247919799
cvar,500,50,15328123,0.5,0.5,0.01,0.002,500.0,1e-05,0.5,2000,23,0.01,100,100,full_batch,0,1800,1800,2,300,True,nan,nan,stagnation,,0.7926392977244267,0.31413852814853616,0.04533364834559461,0.03680898790973808,0.04533364834559461,0.4999750278316802,0.5104427087643406
cvar,500,50,15328123,0.5,0.5,0.01,0.002,500.0,1e-05,0.5,2000,23,0.01,100,100,full_batch,0,1900,1900,2,400,True,nan,nan,stagnation,,0.7556521461239409,0.2855050829708589,0.0438892634532978,0.03269997278768699,0.0438892634532978,0.49997995733942724,0.510448244588111
cvar,500,50,15328123,0.5,0.5,0.01,0.002,500.0,1e-05,0.5,2000,23,0.01,100,100,full_batch,0,2000,2000,2,500,True,nan,nan,stagnation,,0.7372551856592283,0.2717726043907116,0.03426768091651511,0.03426768091651511,0.03258848356094801,0.4999841540183239,0.5104523438999373
cvar,500,50,15328123,0.5,0.5,0.01,0.002,500.0,1e-05,0.5,2000,23,0.01,100,100,full_batch,0,2100,2100,2,600,True,nan,nan,stagnation,,0.7249934427192489,0.2628077459929544,0.02936941363361445,0.024077875786014613,0.02936941363361445,0.49998819271417927,0.5104565824415707
cvar,500,50,15328123,0.5,0.5,0.01,0.002,500.0,1e-05,0.5,2000,23,0.01,100,100,full_batch,0,2200,2200,2,700,True,nan,nan,stagnation,,0.7149425348414077,0.2555714140627287,0.025839792939084116,0.023596635695309343,0.025839792939084116,0.49999254588749437,0.5104604264252743
cvar,500,50,15328123,0.5,0.5,0.01,0.002,500.0,1e-05,0.5,2000,23,0.01,100,100,full_batch,0,2300,2300,2,800,True,nan,nan,stagnation,,0.7105950612858861,0.2524726705619461,0.026617860703379903,0.022509150258968047,0.026617860703379903,0.4999965903874451,0.510463120522507
cvar,500,50,15328123,0.5,0.5,0.01,0.002,500.0,1e-05,0.5,2000,23,0.01,100,100,full_batch,0,2400,2400,2,900,True,nan,nan,stagnation,,0.7075508801102147,0.25031412397236974,0.026235529397258484,0.02290955868411204,0.026235529397258484,0.5000008298690204,0.5104654388897547
cvar,500,50,15328123,0.5,0.5,0.01,0.002,500.0,1e-05,0.5,2000,23,0.01,100,100,full_batch,0,2500,2500,2,1000,True,nan,nan,stagnation,,0.7053316734823404,0.2487463848086994,0.026113032241978806,0.0219781141852875,0.026113032241978806,0.5000046344264076,0.5104674783727347
cvar,500,50,15328123,0.5,0.5,0.01,0.002,500.0,1e-05,0.5,2000,23,0.01,100,100,full_batch,0,2600,2600,2,1100,True,nan,nan,stagnation,,0.7039491963823095,0.24777223554364963,0.025822429528690738,0.021349963618985,0.025822429528690738,0.5000079791135417,0.5104694256312204
cvar,500,50,15328123,0.5,0.5,0.01,0.002,500.0,1e-05,0.5,2000,23,0.01,100,100,full_batch,0,2700,2700,2,1200,True,nan,nan,stagnation,,0.7030038243532953,0.24710718852767946,0.025457878639471354,0.020869087191345614,0.025457878639471354,0.5000110077921475,0.5104713104704829
cvar,500,50,15328123,0.5,0.5,0.01,0.002,500.0,1e-05,0.5,2000,23,0.01,100,100,full_batch,0,2800,2800,2,1300,True,nan,nan,stagnation,,0.702356353292454,0.24665222350513727,0.025059142121846012,0.02054354434206984,0.025059142121846012,0.5000138153856011,0.5104731428071652
cvar,500,50,15328123,0.5,0.5,0.01,0.002,500.0,1e-05,0.5,2000,23,0.01,100,100,full_batch,0,2900,2900,2,1400,True,nan,nan,stagnation,,0.7018960783454162,0.24632905239833733,0.024749944882439423,0.020020293151564283,0.024749944882439423,0.5000164763976608,0.5104749269837091
cvar,500,50,15328123,0.5,0.5,0.01,0.002,500.0,1e-05,0.5,2000,23,0.01,100,100,full_batch,0,3000,3000,2,1500,True,nan,nan,stagnation,,0.7015402990878682,0.24607939562214778,0.024471877503428163,0.019536020755129946,0.024471877503428163,0.500019017171195,0.5104766628244398
cvar,500,50,15328123,0.5,0.5,0.01,0.002,500.0,1e-05,0.5,2000,23,0.01,100,100,full_batch,0,3100,3100,2,1600,True,nan,nan,stagnation,,0.7012593662735221,0.24588234939317094,0.02421579694569065,0.019103152779288868,0.02421579694569065,0.5000214551901758,0.5104783518087985
cvar,500,50,15328123,0.5,0.5,0.01,0.002,500.0,1e-05,0.5,2000,23,0.01,100,100,full_batch,0,3200,3200,2,1700,True,nan,nan,stagnation,,0.7010334672596759,0.2457239611090615,0.023996864306052856,0.018708777497870588,0.023996864306052856,0.5000238047809311,0.5104799957839127
cvar,500,50,15328123,0.5,0.5,0.01,0.002,500.0,1e-05,0.5,2000,23,0.01,100,100,full_batch,0,3300,3300,2,1800,True,nan,nan,stagnation,,0.7008489170347473,0.24559460225438903,0.0238003914731153,0.01835376049804316,0.0238003914731153,0.5000260775518548,0.5104815966945074
cvar,500,50,15328123,0.5,0.5,0.01,0.002,500.0,1e-05,0.5,2000,23,0.01,100,100,full_batch,0,3400,3400,2,1900,True,nan,nan,stagnation,,0.7006960215993272,0.24548745734256242,0.023624249257336638,0.018033043743759358,0.023624249257336638,0.5000282829262455,0.51048315644529
cvar,500,50,15328123,0.5,0.5,0.01,0.002,500.0,1e-05,0.5,2000,23,0.01,100,100,full_batch,0,3500,3500,2,2000,True,nan,nan,stagnation,,0.7005677702224594,0.24539760033723435,0.023462532730961883,0.017739329363372525,0.023462532730961883,0.5000304285982192,0.5104846768415916
cvar,500,50,15328123,0.5,0.5,0.01,0.002,500.0,1e-05,0.5,2000,23,0.01,100,100,full_batch,0,3500,3500,3,0,True,nan,nan,stagnation,,0.41428985668238866,0.08581804267495707,0.07047355430870661,0.06958493724923781,0.07047355430870661,0.4858367045010476,0.5002940808042138
cvar,500,50,15328123,0.5,0.5,0.01,0.002,500.0,1e-05,0.5,2000,23,0.01,100,100,full_batch,0,3600,3600,3,100,True,nan,nan,stagnation,,1.1022640094049017,0.6074929732146845,0.06248986202195361,0.06248986202195361,0.05844042539370076,0.4856107063611875,0.5000149223724721
cvar,500,50,15328123,0.5,0.5,0.01,0.002,500.0,1e-05,0.5,2000,23,0.01,100,100,full_batch,0,3700,3700,3,200,True,nan,nan,stagnation,,0.8448799865594453,0.3569110958443442,0.049489875180048104,0.03474030023484298,0.049489875180048104,0.48560763326835243,0.5000153596670276
cvar,500,50,15328123,0.5,0.5,0.01,0.002,500.0,1e-05,0.5,2000,23,0.01,100,100,full_batch,0,3800,3800,3,300,True,nan,nan,stagnation,,0.7740180463569245,0.2995519680430951,0.060116284122550434,0.04203181863871608,0.060116284122550434,0.48560763326835243,0.5000172154209939
cvar,500,50,15328123,0.5,0.5,0.01,0.002,500.0,1e-05,0.5,2000,23,0.01,100,100,full_batch,0,3900,3900,3,400,True,nan,nan,stagnation,,0.7475349086874323,0.2794042198531639,0.06228973023890194,0.041854847963125774,0.06228973023890194,0.48560763326835243,0.5000202127686486
cvar,500,50,15328123,0.5,0.5,0.01,0.002,500.0,1e-05,0.5,2000,23,0.01,100,100,full_batch,0,4000,4000,3,500,True,nan,nan,stagnation,,0.7345519515521325,0.2697832847645232,0.06036564756511287,0.04039996907722043,0.06036564756511287,0.48560763326835243,0.5000233089543404
cvar,500,50,15328123,0.5,0.5,0.01,0.002,500.0,1e-05,0.5,2000,23,0.01,100,100,full_batch,0,4100,4100,3,600,True,nan,nan,stagnation,,0.7272091163685023,0.2644165494647289,0.06083074726596949,0.039529354397037864,0.06083074726596949,0.48560763326835243,0.5000257682058807
cvar,500,50,15328123,0.5,0.5,0.01,0.002,500.0,1e-05,0.5,2000,23,0.01,100,100,full_batch,0,4200,4200,3,700,True,nan,nan,stagnation,,0.7229051418874014,0.26129592208362196,0.060592308343452306,0.037614495022212924,0.060592308343452306,0.48560763326835243,0.5000275201318034
cvar,500,50,15328123,0.5,0.5,0.01,0.002,500.0,1e-05,0.5,2000,23,0.01,100,100,full_batch,0,4200,4200,4,0,True,nan,nan,stagnation,,0.4615983247285868,0.10653650669611894,0.08433228317030383,0.07696138943309938,0.08433228317030383,0.4922083014246929,0.5007377722006044
cvar,500,50,15328123,0.5,0.5,0.01,0.002,500.0,1e-05,0.5,2000,23,0.01,100,100,full_batch,0,4300,4300,4,100,True,nan,nan,stagnation,,1.0342583209065865,0.5348451371822559,0.052290427189382704,0.028340353018855735,0.052290427189382704,0.49201878242823266,0.5005253916855145
cvar,500,50,15328123,0.5,0.5,0.01,0.002,500.0,1e-05,0.5,2000,23,0.01,100,100,full_batch,0,4400,4400,4,200,True,nan,nan,stagnation,,0.769454977728634,0.2960304813756863,0.05549318923853952,0.05549318923853952,0.04383834021008093,0.4920358138682494,0.5005350370653392
cvar,500,50,15328123,0.5,0.5,0.01,0.002,500.0,1e-05,0.5,2000,23,0.01,100,100,full_batch,0,4500,4500,4,300,True,nan,nan,stagnation,,0.7669338975711786,0.2940938016218595,0.12359888325129775,0.12359888325129775,0.06259378644083624,0.492084675888008,0.5005456394279516
cvar,500,50,15328123,0.5,0.5,0.01,0.002,500.0,1e-05,0.5,2000,23,0.01,100,100,full_batch,0,4600,4600,4,400,True,nan,nan,stagnation,,0.7250812231164103,0.2628713900579948,0.04920017482910011,0.041943798081474304,0.04920017482910011,0.492135871973179,0.5005561381136024
cvar,500,50,15328123,0.5,0.5,0.01,0.002,500.0,1e-05,0.5,2000,23,0.01,100,100,full_batch,0,4700,4700,4,500,True,nan,nan,stagnation,,0.6567546649896373,0.21566334499282536,0.0719381511286391,0.0719381511286391,0.06164570596915908,0.4922037513956497,0.5005582584055263
cvar,500,50,15328123,0.5,0.5,0.01,0.002,500.0,1e-05,0.5,2000,23,0.01,100,100,full_batch,0,4800,4800,4,600,True,nan,nan,stagnation,,0.5887677752853506,0.17332374660723057,0.07058796518693133,0.07058796518693133,0.04471295784954077,0.49225893483972744,0.5005583751566979
cvar,500,50,15328123,0.5,0.5,0.01,0.002,500.0,1e-05,0.5,2000,23,0.01,100,100,full_batch,0,4900,4900,4,700,True,nan,nan,stagnation,,0.5883271995966777,0.1730644468926345,0.07636930462609148,0.07636930462609148,0.051002936956085154,0.4923032370819883,0.5005584688880473
cvar,500,50,15328123,0.5,0.5,0.01,0.002,500.0,1e-05,0.5,2000,23,0.01,100,100,full_batch,0,5000,5000,4,800,True,nan,nan,stagnation,,0.5648490582564917,0.15952722930662278,0.06144564857810392,0.06144564857810392,0.04458074317347249,0.4923411170942728,0.5005585983853565
cvar,500,50,15328123,0.5,0.5,0.01,0.002,500.0,1e-05,0.5,2000,23,0.01,100,100,full_batch,0,5100,5100,4,900,True,nan,nan,stagnation,,0.5547544058406882,0.1538762253998275,0.05714658085837315,0.05714658085837315,0.044696759944665265,0.49237417424260943,0.5005586886941132
cvar,500,50,15328123,0.5,0.5,0.01,0.002,500.0,1e-05,0.5,2000,23,0.01,100,100,minibatch,0,0,0,0,0,True,nan,nan,stagnation,,0.2645266017064113,0.03498716150517118,0.05475692245987551,0.04864097188852706,0.05475692245987551,0.4965628538077235,0.5025077703221681
cvar,500,50,15328123,0.5,0.5,0.01,0.002,500.0,1e-05,0.5,2000,23,0.01,100,100,minibatch,0,100,100,0,100,True,nan,nan,stagnation,,1.8005953716362058,1.621071846178863,0.24437745027410518,0.24437745027410518,0.03096357457849508,0.49638847148061865,0.5023453853226192
cvar,500,50,15328123,0.5,0.5,0.01,0.002,500.0,1e-05,0.5,2000,23,0.01,100,100,minibatch,0,200,200,0,200,True,nan,nan,stagnation,,1.1091847547511062,0.6151454100861359,0.04965128001885588,0.03447510319630687,0.04965128001885588,0.4963436613936409,0.5023113296354449
cvar,500,50,15328123,0.5,0.5,0.01,0.002,500.0,1e-05,0.5,2000,23,0.01,100,100,minibatch,0,300,300,0,300,True,nan,nan,stagnation,,0.8853934571215397,0.3919607869568159,0.03579546500834507,0.008540105085625749,0.03579546500834507,0.49634737602273166,0.5023105881305575
cvar,500,50,15328123,0.5,0.5,0.01,0.002,500.0,1e-05,0.5,2000,23,0.01,100,100,minibatch,0,400,400,0,400,True,nan,nan,stagnation,,0.955147417364171,0.4561532944487229,0.04860747081922889,0.030178767999593403,0.04860747081922889,0.4963498125661499,0.5023121939492505
cvar,500,50,15328123,0.5,0.5,0.01,0.002,500.0,1e-05,0.5,2000,23,0.01,100,100,minibatch,0,500,500,0,500,True,nan,nan,stagnation,,0.8216697868873492,0.33757061934175087,0.03740594035004918,0.006317230984050348,0.03740594035004918,0.49635212848870036,0.5023133964865626
cvar,500,50,15328123,0.5,0.5,0.01,0.002,500.0,1e-05,0.5,2000,23,0.01,100,100,minibatch,0,600,600,0,600,True,nan,nan,stagnation,,0.7630670076983854,0.2911356291188839,0.02331797950938419,0.0002442519424834533,0.02331797950938419,0.4963552606570634,0.5023144756182144
cvar,500,50,15328123,0.5,0.5,0.01,0.002,500.0,1e-05,0.5,2000,23,0.01,100,100,minibatch,0,700,700,0,700,True,nan,nan,stagnation,,0.7299527767079899,0.26641552811185226,0.028969264372095793,0.0012168491652118085,0.028969264372095793,0.49635823031386894,0.5023177393507852
cvar,500,50,15328123,0.5,0.5,0.01,0.002,500.0,1e-05,0.5,2000,23,0.01,100,100,minibatch,0,800,800,0,800,True,nan,nan,stagnation,,0.7146721053117269,0.255378109055348,0.03185607200835283,0.027042845022399398,0.03185607200835283,0.4963639884764025,0.5023199959662695
cvar,500,50,15328123,0.5,0.5,0.01,0.002,500.0,1e-05,0.5,2000,23,0.01,100,100,minibatch,0,900,900,0,900,True,nan,nan,stagnation,,0.7128734047097633,0.25409424557124505,0.02162673359264833,0.006960360191098025,0.02162673359264833,0.49636839117758635,0.5023208419628529
cvar,500,50,15328123,0.5,0.5,0.01,0.002,500.0,1e-05,0.5,2000,23,0.01,100,100,minibatch,0,1000,1000,0,1000,True,nan,nan,stagnation,,0.6974847584057552,0.24324249410416734,0.030438680524424333,0.0017191242547260899,0.030438680524424333,0.49637173657782263,0.5023241041543923
cvar,500,50,15328123,0.5,0.5,0.01,0.002,500.0,1e-05,0.5,2000,23,0.01,100,100,minibatch,0,1100,1100,0,1100,True,nan,nan,stagnation,,0.6920532422214771,0.23946884503462926,0.033948406084018834,0.006017627026389305,0.033948406084018834,0.49637503603680394,0.5023284129868676
cvar,500,50,15328123,0.5,0.5,0.01,0.002,500.0,1e-05,0.5,2000,23,0.01,100,100,minibatch,0,1200,1200,0,1200,True,nan,nan,stagnation,,0.6867094117857453,0.23578490811756214,0.031215467184647072,0.0013862913301214697,0.031215467184647072,0.49637750216993065,0.502331622053719
cvar,500,50,15328123,0.5,0.5,0.01,0.002,500.0,1e-05,0.5,2000,23,0.01,100,100,minibatch,0,1300,1300,0,1300,True,nan,nan,stagnation,,0.7324482055249002,0.26824018688832324,0.05414692773797558,0.010321243966943228,0.05414692773797558,0.49637906530973747,0.5023347251153885
cvar,500,50,15328123,0.5,0.5,0.01,0.002,500.0,1e-05,0.5,2000,23,0.01,100,100,minibatch,0,1400,1400,0,1400,True,nan,nan,stagnation,,0.680325527826733,0.2314214119063614,0.03285878703119438,0.002516567623199628,0.03285878703119438,0.4963846493862144,0.5023365990675919
cvar,500,50,15328123,0.5,0.5,0.01,0.002,500.0,1e-05,0.5,2000,23,0.01,100,100,minibatch,0,1400,1400,1,0,True,nan,nan,stagnation,,0.4338894421274476,0.09413002399483386,0.07635890463107886,0.07635890463107886,0.07634228789607922,0.4937601322509508,0.5120882387105102
cvar,500,50,15328123,0.5,0.5,0.01,0.002,500.0,1e-05,0.5,2000,23,0.01,100,100,minibatch,0,1500,1500,1,100,True,nan,nan,stagnation,,1.4010572714570861,0.9814807389513875,0.06082760964710787,0.06082760964710787,0.0471586679958067,0.49346269780852975,0.5117991212204764
cvar,500,50,15328123,0.5,0.5,0.01,0.002,500.0,1e-05,0.5,2000,23,0.01,100,100,minibatch,0,1600,1600,1,200,True,nan,nan,stagnation,,1.2068995005071435,0.7283032021621961,0.0918896314505695,0.0918896314505695,0.006917216709090956,0.4934167371672066,0.5117638973645615
cvar,500,50,15328123,0.5,0.5,0.01,0.002,500.0,1e-05,0.5,2000,23,0.01,100,100,minibatch,0,1700,1700,1,300,True,nan,nan,stagnation,,1.258523012183184,0.7919400860973175,0.061426103232081974,0.03938070890419154,0.061426103232081974,0.4933850615004386,0.5117426912556097
cvar,500,50,15328123,0.5,0.5,0.01,0.002,500.0,1e-05,0.5,2000,23,0.01,100,100,minibatch,0,1800,1800,1,400,True,nan,nan,stagnation,,1.1545593559747185,0.6665036532343783,0.0350308838407245,0.0350308838407245,0.02244980521946549,0.49337265158261145,0.5117388128063073
cvar,500,50,15328123,0.5,0.5,0.01,0.002,500.0,1e-05,0.5,2000,23,0.01,100,100,minibatch,0,1900,1900,1,500,True,nan,nan,stagnation,,0.9159606652929686,0.4194919701819688,0.025458032522764684,0.023691943096464607,0.025458032522764684,0.49336378048450896,0.5117399189661366
cvar,500,50,15328123,0.5,0.5,0.01,0.002,500.0,1e-05,0.5,2000,23,0.01,100,100,minibatch,0,2000,2000,1,600,True,nan,nan,stagnation,,0.8203582728986663,0.3364938479566413,0.08315154610554942,0.08315154610554942,0.02543289916150504,0.493366201806999,0.5117424447640567
cvar,500,50,15328123,0.5,0.5,0.01,0.002,500.0,1e-05,0.5,2000,23,0.01,100,100,minibatch,0,2100,2100,1,700,True,nan,nan,stagnation,,0.8131521253732736,0.3306081894995361,0.025128257686793165,0.016973593396932496,0.025128257686793165,0.49336690899667746,0.5117388972407787
cvar,500,50,15328123,0.5,0.5,0.01,0.002,500.0,1e-05,0.5,2000,23,0.01,100,100,minibatch,0,2200,2200,1,800,True,nan,nan,stagnation,,0.7587482053998041,0.2878494195987117,0.05799973356161525,0.05799973356161525,0.017144855028051853,0.49336811584408286,0.5117396224252196
cvar,500,50,15328123,0.5,0.5,0.01,0.002,500.0,1e-05,0.5,2000,23,0.01,100,100,minibatch,0,2300,2300,1,900,True,nan,nan,stagnation,,0.7406740508074594,0.2742990247697655,0.0576373635427706,0.0576373635427706,0.019158764185782884,0.49336934217965106,0.5117416645373072
cvar,500,50,15328123,0.5,0.5,0.01,0.002,500.0,1e-05,0.5,2000,23,0.01,100,100,minibatch,0,2400,2400,1,1000,True,nan,nan,stagnation,,0.7711258350622952,0.297317526750261,0.04989726588294163,0.04989726588294163,0.014271241203928087,0.4933722499890982,0.5117434901214248
cvar,500,50,15328123,0.5,0.5,0.01,0.002,500.0,1e-05,0.5,2000,23,0.01,100,100,minibatch,0,2500,2500,1,1100,True,nan,nan,stagnation,,0.7225049587966572,0.26100670774287965,0.05186589558940213,0.05186589558940213,0.015799265485376246,0.49337378667310783,0.5117452040402052
cvar,500,50,15328123,0.5,0.5,0.01,0.002,500.0,1e-05,0.5,2000,23,0.01,100,100,minibatch,0,2600,2600,1,1200,True,nan,nan,stagnation,,0.7208944796825187,0.2598444254183647,0.046959177735001134,0.046959177735001134,0.013392009700905705,0.4933753282942077,0.5117463727310698
cvar,500,50,15328123,0.5,0.5,0.01,0.002,500.0,1e-05,0.5,2000,23,0.01,100,100,minibatch,0,2600,2600,2,0,True,nan,nan,stagnation,,0.42280509109225684,0.0893820725267658,0.0883801262660534,0.05050176462910866,0.0883801262660534,0.5001943238304432,0.5106717520205599
cvar,500,50,15328123,0.5,0.5,0.01,0.002,500.0,1e-05,0.5,2000,23,0.01,100,100,minibatch,0,2700,2700,2,100,True,nan,nan,stagnation,,1.1513231806086512,0.6627725331034104,0.08400985634295233,0.0013786881032389342,0.08400985634295233,0.49986612063021235,0.5102430129866363
cvar,500,50,15328123,0.5,0.5,0.01,0.002,500.0,1e-05,0.5,2000,23,0.01,100,100,minibatch,0,2800,2800,2,200,True,nan,nan,stagnation,,0.9985851406021378,0.49858614151569564,0.030390314934748863,0.030390314934748863,0.010056672097801589,0.49986245129040113,0.510219909806743
cvar,500,50,15328123,0.5,0.5,0.01,0.002,500.0,1e-05,0.5,2000,23,0.01,100,100,minibatch,0,2900,2900,2,300,True,nan,nan,stagnation,,1.164225912052869,0.6777109871476674,0.042570360084765335,0.03177615134190115,0.042570360084765335,0.49985911711843484,0.5102181221507736
cvar,500,50,15328123,0.5,0.5,0.01,0.002,500.0,1e-05,0.5,2000,23,0.01,100,100,minibatch,0,3000,3000,2,400,True,nan,nan,stagnation,,0.8603661992440828,0.3701149984008543,0.10441242629432812,0.09449780327770085,0.10441242629432812,0.4998606314898373,0.51021798364357
cvar,500,50,15328123,0.5,0.5,0.01,0.002,500.0,1e-05,0.5,2000,23,0.01,100,100,minibatch,0,3100,3100,2,500,True,nan,nan,stagnation,,0.7705343259087593,0.296861573701833,0.055914602684614456,0.055914602684614456,0.0458516444246615,0.49986576748850414,0.5102188411220241
cvar,500,50,15328123,0.5,0.5,0.01,0.002,500.0,1e-05,0.5,2000,23,0.01,100,100,minibatch,0,3200,3200,2,600,True,nan,nan,stagnation,,0.7446198195126423,0.27722933780552,0.05373713038200911,0.05373713038200911,0.044430630736301824,0.4998673722984475,0.5102188412919254
cvar,500,50,15328123,0.5,0.5,0.01,0.002,500.0,1e-05,0.5,2000,23,0.01,100,100,minibatch,0,3300,3300,2,700,True,nan,nan,stagnation,,0.7325132319954113,0.2682878175241816,0.05135266644488223,0.04400961867190212,0.05135266644488223,0.4998673736644888,0.5102188549931432
cvar,500,50,15328123,0.5,0.5,0.01,0.002,500.0,1e-05,0.5,2000,23,0.01,100,100,minibatch,0,3300,3300,3,0,True,nan,nan,stagnation,,0.41428985668238866,0.08581804267495707,0.07047355430870661,0.06958493724923781,0.07047355430870661,0.4858367045010476,0.5002940808042138
cvar,500,50,15328123,0.5,0.5,0.01,0.002,500.0,1e-05,0.5,2000,23,0.01,100,100,minibatch,0,3400,3400,3,100,True,nan,nan,stagnation,,1.5403250155986026,1.1863005768394177,0.22306557557370266,0.22306557557370266,0.027047315618262235,0.48569233531107453,0.5001054884565365
cvar,500,50,15328123,0.5,0.5,0.01,0.002,500.0,1e-05,0.5,2000,23,0.01,100,100,minibatch,0,3500,3500,3,200,True,nan,nan,stagnation,,1.0003600166419309,0.5003600814479221,0.040660596617712264,0.034701049333732414,0.040660596617712264,0.48568442852204796,0.5000879293115538
cvar,500,50,15328123,0.5,0.5,0.01,0.002,500.0,1e-05,0.5,2000,23,0.01,100,100,minibatch,0,3600,3600,3,300,True,nan,nan,stagnation,,0.9601806049165467,0.46097339702895274,0.051444803099877645,0.051444803099877645,0.04521268732951733,0.4856799883948011,0.5000810513042672
cvar,500,50,15328123,0.5,0.5,0.01,0.002,500.0,1e-05,0.5,2000,23,0.01,100,100,minibatch,0,3700,3700,3,400,True,nan,nan,stagnation,,0.8050379099026808,0.3240430181902384,0.06539382022027618,0.06539382022027618,0.011725947550277893,0.4856854844593228,0.5000844640406226
cvar,500,50,15328123,0.5,0.5,0.01,0.002,500.0,1e-05,0.5,2000,23,0.01,100,100,minibatch,0,3800,3800,3,500,True,nan,nan,stagnation,,0.7240464244375933,0.26212161237043174,0.05720776282987505,0.05720776282987505,0.022282941971309866,0.4856883399630731,0.5000909274255996
cvar,500,50,15328123,0.5,0.5,0.01,0.002,500.0,1e-05,0.5,2000,23,0.01,100,100,minibatch,0,3900,3900,3,600,True,nan,nan,stagnation,,0.764734293874268,0.2924092701136876,0.04633771472973247,0.04633771472973247,0.04416181498108285,0.48569641595074403,0.5000962451971607
cvar,500,50,15328123,0.5,0.5,0.01,0.002,500.0,1e-05,0.5,2000,23,0.01,100,100,minibatch,0,4000,4000,3,700,True,nan,nan,stagnation,,0.7165049139200286,0.2566896458357738,0.04304903726570308,0.04304903726570308,0.034932811735663316,0.4857017235157284,0.5000999013960511
cvar,500,50,15328123,0.5,0.5,0.01,0.002,500.0,1e-05,0.5,2000,23,0.01,100,100,minibatch,0,4000,4000,4,0,True,nan,nan,stagnation,,0.4615983247285868,0.10653650669611894,0.08433228317030383,0.07696138943309938,0.08433228317030383,0.4922083014246929,0.5007377722006044
cvar,500,50,15328123,0.5,0.5,0.01,0.002,500.0,1e-05,0.5,2000,23,0.01,100,100,minibatch,0,4100,4100,4,100,True,nan,nan,stagnation,,0.8971391780764536,0.40242935241984734,0.021401140794463647,0.021401140794463647,0.01548288299951106,0.49208203517130916,0.5006002905959416
cvar,500,50,15328123,0.5,0.5,0.01,0.002,500.0,1e-05,0.5,2000,23,0.01,100,100,minibatch,0,4200,4200,4,200,True,nan,nan,stagnation,,1.2176171179519204,0.7412957229647704,0.04093214124074385,0.04093214124074385,0.034770211660530626,0.49200889986196217,0.5005372138885652
cvar,500,50,15328123,0.5,0.5,0.01,0.002,500.0,1e-05,0.5,2000,23,0.01,100,100,minibatch,0,4300,4300,4,300,True,nan,nan,stagnation,,0.8374083936321647,0.3506264088628012,0.0934998424997282,0.0934998424997282,0.02820203108767272,0.49200675305364683,0.5005307286405745
cvar,500,50,15328123,0.5,0.5,0.01,0.002,500.0,1e-05,0.5,2000,23,0.01,100,100,minibatch,0,4400,4400,4,400,True,nan,nan,stagnation,,0.7917523551679561,0.3134358959570026,0.04173708999873105,0.036076491031770574,0.04173708999873105,0.49200831479221,0.500530575665812
cvar,500,50,15328123,0.5,0.5,0.01,0.002,500.0,1e-05,0.5,2000,23,0.01,100,100,minibatch,0,4500,4500,4,500,True,nan,nan,stagnation,,1.0820603058695557,0.5854272527692582,0.0821455941932383,0.011069415001134009,0.0821455941932383,0.4920100803540807,0.5005364915331357
cvar,500,50,15328123,0.5,0.5,0.01,0.002,500.0,1e-05,0.5,2000,23,0.01,100,100,minibatch,0,4600,4600,4,600,True,nan,nan,stagnation,,0.8199645784227947,0.3361709549340357,0.021909302373830486,0.021909302373830486,0.02100943257921284,0.49200987718559364,0.5005375589083109
cvar,500,50,15328124,0.5,0.5,0.01,0.002,500.0,1e-05,0.5,2000,23,0.01,100,100,full_batch,0,0,0,0,0,True,nan,nan,stagnation,,0.2880110751070277,0.04147518969215298,0.059983407687379864,0.03885435363233375,0.059983407687379864,0.5012038672665393,0.4911656629552724
cvar,500,50,15328124,0.5,0.5,0.01,0.002,500.0,1e-05,0.5,2000,23,0.01,100,100,full_batch,0,100,100,0,100,True,nan,nan,stagnation,,4.5458688799179745,10.33246193670335,0.4931948308460352,0.2799276698225589,0.4931948308460352,0.500885533515227,0.4907890439596753
cvar,500,50,15328124,0.5,0.5,0.01,0.002,500.0,1e-05,0.5,2000,23,0.01,100,100,full_batch,0,200,200,0,200,True,nan,nan,stagnation,,1.288622164199275,0.8302735410328116,0.045404361071731625,0.045404361071731625,0.014589687843111099,0.5008359476387486,0.4907213618824623
cvar,500,50,15328124,0.5,0.5,0.01,0.002,500.0,1e-05,0.5,2000,23,0.01,100,100,full_batch,0,300,300,0,300,True,nan,nan,stagnation,,0.8221138127200502,0.3379355605325489,0.07403852662262955,0.07403852662262955,0.04731562926048516,0.5008393194827283,0.4907272751973273
cvar,500,50,15328124,0.5,0.5,0.01,0.002,500.0,1e-05,0.5,2000,23,0.01,100,100,full_batch,0,400,400,0,400,True,nan,nan,stagnation,,0.7671725394742325,0.2942768526616714,0.0734291972996215,0.05634719672309563,0.0734291972996215,0.5008393940085604,0.49073771964627777
cvar,500,50,15328124,0.5,0.5,0.01,0.002,500.0,1e-05,0.5,2000,23,0.01,100,100,full_batch,0,500,500,0,500,True,nan,nan,stagnation,,1.1612080210753866,0.6742020341049078,0.03800397347983664,0.03715819169887813,0.03800397347983664,0.5008396136179631,0.49074484601668045
cvar,500,50,15328124,0.5,0.5,0.01,0.002,500.0,1e-05,0.5,2000,23,0.01,100,100,full_batch,0,600,600,0,600,True,nan,nan,stagnation,,0.7482979246766451,0.27997489203768705,0.1078699001414366,0.05415126037500584,0.1078699001414366,0.500834633730791,0.4907554500447612
cvar,500,50,15328124,0.5,0.5,0.01,0.002,500.0,1e-05,0.5,2000,23,0.01,100,100,full_batch,0,700,700,0,700,True,nan,nan,stagnation,,0.6599518567166274,0.21776822659186193,0.10249003069365015,0.053886959586167515,0.10249003069365015,0.5008350363941347,0.4907886661042642
cvar,500,50,15328124,0.5,0.5,0.01,0.002,500.0,1e-05,0.5,2000,23,0.01,100,100,full_batch,0,800,800,0,800,True,nan,nan,stagnation,,0.5803534261226737,0.16840504960616284,0.04682964950113799,0.035754699577043025,0.04682964950113799,0.5008350364100966,0.49084061227440473
cvar,500,50,15328124,0.5,0.5,0.01,0.002,500.0,1e-05,0.5,2000,23,0.01,100,100,full_batch,0,900,900,0,900,True,nan,nan,stagnation,,0.561228132039456,0.1574885080962485,0.04588585315236815,0.02860504033335698,0.04588585315236815,0.5008350364103751,0.49087858963703906
cvar,500,50,15328124,0.5,0.5,0.01,0.002,500.0,1e-05,0.5,2000,23,0.01,100,100,full_batch,0,1000,1000,0,1000,True,nan,nan,stagnation,,0.5482607380322214,0.15029491843381806,0.04519919094525937,0.028051747053755793,0.04519919094525937,0.5008350364105649,0.49091003840452413
cvar,500,50,15328124,0.5,0.5,0.01,0.002,500.0,1e-05,0.5,2000,23,0.01,100,100,full_batch,0,1000,1000,1,0,True,nan,nan,stagnation,,0.43569564921193493,0.09491534937110473,0.0724886481984639,0.0724886481984639,0.06632798587361788,0.4930955897493589,0.4870203238390861
cvar,500,50,15328124,0.5,0.5,0.01,0.002,500.0,1e-05,0.5,2000,23,0.01,100,100,full_batch,0,1100,1100,1,100,True,nan,nan,stagnation,,0.9552108515144115,0.4562138854254436,0.0221834085433672,0.0221834085433672,0.012012849861163799,0.49286014325016736,0.4868110971252687
cvar,500,50,15328124,0.5,0.5,0.01,0.002,500.0,1e-05,0.5,2000,23,0.01,100,100,full_batch,0,1200,1200,1,200,True,nan,nan,stagnation,,0.7989502114813227,0.31916072021302516,0.0319792552654774,0.007971260876057595,0.0319792552654774,0.4928626468429548,0.48681959896136706
cvar,500,50,15328124,0.5,0.5,0.01,0.002,500.0,1e-05,0.5,2000,23,0.01,100,100,full_batch,0,1300,1300,1,300,True,nan,nan,stagnation,,0.7464796505359736,0.27861593433215465,0.01415598435104859,0.01415598435104859,0.011168211662605398,0.4928626679241159,0.48682233461048524
cvar,500,50,15328124,0.5,0.5,0.01,0.002,500.0,1e-05,0.5,2000,23,0.01,100,100,full_batch,0,1400,1400,1,400,True,nan,nan,stagnation,,0.7301819959181133,0.2665828735814798,0.013717179989159445,0.013717179989159445,0.01076626467380648,0.49286266792411637,0.4868240868940465
cvar,500,50,15328124,0.5,0.5,0.01,0.002,500.0,1e-05,0.5,2000,23,0.01,100,100,full_batch,0,1500,1500,1,500,True,nan,nan,stagnation,,0.7185871524405808,0.25818374782633124,0.016188467124179318,0.016188467124179318,0.013477318354673362,0.4928626679241234,0.48682801838367296
cvar,500,50,15328124,0.5,0.5,0.01,0.002,500.0,1e-05,0.5,2000,23,0.01,100,100,full_batch,0,1600,1600,1,600,True,nan,nan,stagnation,,0.7134109738602148,0.25447760881209003,0.016181049977473716,0.016181049977473716,0.01239661161886696,0.4928626679241234,0.4868295126479105
cvar,500,50,15328124,0.5,0.5,0.01,0.002,500.0,1e-05,0.5,2000,23,0.01,100,100,full_batch,0,1700,1700,1,700,True,nan,nan,stagnation,,0.7104436966175907,0.2523651230318336,0.01548735068408158,0.01548735068408158,0.011675415645721388,0.4928626679241234,0.4868308234408897
cvar,500,50,15328124,0.5,0.5,0.01,0.002,500.0,1e-05,0.5,2000,23,0.01,100,100,full_batch,0,1800,1800,1,800,True,nan,nan,stagnation,,0.7085681224372701,0.25103439206713907,0.01491981126042874,0.01491981126042874,0.011192146633527633,0.4928626679241234,0.48683188358867047
cvar,500,50,15328124,0.5,0.5,0.01,0.002,500.0,1e-05,0.5,2000,23,0.01,100,100,full_batch,0,1900,1900,1,900,True,nan,nan,stagnation,,0.7073044638207,0.25013980227034394,0.014447486226390027,0.014447486226390027,0.010827520792972667,0.4928626679241234,0.48683276896358685
cvar,500,50,15328124,0.5,0.5,0.01,0.002,500.0,1e-05,0.5,2000,23,0.01,100,100,full_batch,0,1900,1900,2,0,True,nan,nan,stagnation,,0.37896342751319506,0.07180663969627432,0.06611045885612832,0.055720148425985494,0.06611045885612832,0.506695630832807,0.4880823845236958
cvar,500,50,15328124,0.5,0.5,0.01,0.002,500.0,1e-05,0.5,2000,23,0.01,100,100,full_batch,0,2000,2000,2,100,True,nan,nan,stagnation,,2.24599290675651,2.5222420686002787,0.2419683713831302,0.2419683713831302,0.10920001470754637,0.5064063093213597,0.48764895560449756
cvar,500,50,15328124,0.5,0.5,0.01,0.002,500.0,1e-05,0.5,2000,23,0.01,100,100,full_batch,0,2100,2100,2,200,True,nan,nan,stagnation,,1.027908055447861,0.5282974852273015,0.0878493849773434,0.07933597030016637,0.0878493849773434,0.5063379051071074,0.4875662995338614
cvar,500,50,15328124,0.5,0.5,0.01,0.002,500.0,1e-05,0.5,2000,23,0.01,100,100,full_batch,0,2200,2200,2,300,True,nan,nan,stagnation,,0.8287625851705402,0.3434237112892785,0.06293805957611942,0.05911602630664159,0.06293805957611942,0.5063456654209828,0.48757227640509293
cvar,500,50,15328124,0.5,0.5,0.01,0.002,500.0,1e-05,0.5,2000,23,0.01,100,100,full_batch,0,2300,2300,2,400,True,nan,nan,stagnation,,0.7761133495896104,0.3011759657056024,0.0740773424246306,0.06699591982362207,0.0740773424246306,0.5063473600631664,0.4875732132861027
cvar,500,50,15328124,0.5,0.5,0.01,0.002,500.0,1e-05,0.5,2000,23,0.01,100,100,full_batch,0,2400,2400,2,500,True,nan,nan,stagnation,,0.7523029956071399,0.28297989859973816,0.07621490272416376,0.07621490272416376,0.07377806717718283,0.5063473600780852,0.4875732234926717
cvar,500,50,15328124,0.5,0.5,0.01,0.002,500.0,1e-05,0.5,2000,23,0.01,100,100,full_batch,0,2500,2500,2,600,True,nan,nan,stagnation,,0.739705815002668,0.2735823463743806,0.07636957490629614,0.07636957490629614,0.07331529857507602,0.5063473601181353,0.487573229145864
cvar,500,50,15328124,0.5,0.5,0.01,0.002,500.0,1e-05,0.5,2000,23,0.01,100,100,full_batch,0,2600,2600,2,700,True,nan,nan,stagnation,,0.7319257015504341,0.26785761629504756,0.07509696012040534,0.07509696012040534,0.07260448537655173,0.5063473602498157,0.4875732313848815
cvar,500,50,15328124,0.5,0.5,0.01,0.002,500.0,1e-05,0.5,2000,23,0.01,100,100,full_batch,0,2700,2700,2,800,True,nan,nan,stagnation,,0.7267281960150206,0.2640669354416231,0.0727527935326332,0.0727527935326332,0.07165861188955747,0.5063473606743073,0.48757323211659626
cvar,500,50,15328124,0.5,0.5,0.01,0.002,500.0,1e-05,0.5,2000,23,0.01,100,100,full_batch,0,2700,2700,3,0,True,nan,nan,stagnation,,0.41453737549443914,0.08592061784090882,0.07507598770108032,0.07448276963802347,0.07507598770108032,0.5137905159526884,0.4839594760804652
cvar,500,50,15328124,0.5,0.5,0.01,0.002,500.0,1e-05,0.5,2000,23,0.01,100,100,full_batch,0,2800,2800,3,100,True,nan,nan,stagnation,,1.133445704599266,0.6423495826372634,0.027335608845104886,0.02086021319411069,0.027335608845104886,0.5136151340794352,0.483789063867358
cvar,500,50,15328124,0.5,0.5,0.01,0.002,500.0,1e-05,0.5,2000,23,0.01,100,100,full_batch,0,2900,2900,3,200,True,nan,nan,stagnation,,0.8430102095937791,0.3553331067396737,0.024447681368288898,0.024447681368288898,0.01678264505525362,0.513615972605254,0.48379098250421887
cvar,500,50,15328124,0.5,0.5,0.01,0.002,500.0,1e-05,0.5,2000,23,0.01,100,100,full_batch,0,3000,3000,3,300,True,nan,nan,stagnation,,0.7903419737241425,0.31232021771508656,0.03070963488350542,0.02208965373392724,0.03070963488350542,0.5136240073525511,0.48379797124197566
cvar,500,50,15328124,0.5,0.5,0.01,0.002,500.0,1e-05,0.5,2000,23,0.01,100,100,full_batch,0,3100,3100,3,400,True,nan,nan,stagnation,,0.7189686804997466,0.25845798176977336,0.0482457719657452,0.03224024269969572,0.0482457719657452,0.5136343679113818,0.4838053341071369
cvar,500,50,15328124,0.5,0.5,0.01,0.002,500.0,1e-05,0.5,2000,23,0.01,100,100,full_batch,0,3200,3200,3,500,True,nan,nan,stagnation,,0.7021263865648039,0.2464907313552742,0.044813594238338306,0.03676351933732058,0.044813594238338306,0.5136440552266016,0.48381197337809745
cvar,500,50,15328124,0.5,0.5,0.01,0.002,500.0,1e-05,0.5,2000,23,0.01,100,100,full_batch,0,3300,3300,3,600,True,nan,nan,stagnation,,0.7292522909983955,0.2659044519632043,0.04485695006749513,0.04485695006749513,0.03807720814610094,0.5136535563780422,0.48381831811539117
cvar,500,50,15328124,0.5,0.5,0.01,0.002,500.0,1e-05,0.5,2000,23,0.01,100,100,full_batch,0,3400,3400,3,700,True,nan,nan,stagnation,,0.6808693537390993,0.23179153843054937,0.04792904686079846,0.04792904686079846,0.04495807965415022,0.5136627418468103,0.4838241997861523
cvar,500,50,15328124,0.5,0.5,0.01,0.002,500.0,1e-05,0.5,2000,23,0.01,100,100,full_batch,0,3400,3400,4,0,True,nan,nan,stagnation,,0.45804579228268333,0.10490297391393553,0.0805222586666785,0.07003947944058997,0.0805222586666785,0.4978710359514009,0.497900637663339
cvar,500,50,15328124,0.5,0.5,0.01,0.002,500.0,1e-05,0.5,2000,23,0.01,100,100,full_batch,0,3500,3500,4,100,True,nan,nan,stagnation,,1.827940363461441,1.6706829861857726,0.21170322818589415,0.21170322818589415,0.10634703056819439,0.49750538658729127,0.4975263524921731
cvar,500,50,15328124,0.5,0.5,0.01,0.002,500.0,1e-05,0.5,2000,23,0.01,100,100,full_batch,0,3600,3600,4,200,True,nan,nan,stagnation,,1.259423008314958,0.7930731569365495,0.056642026881462915,0.030223922951292614,0.056642026881462915,0.4974744560920598,0.49746758496641597
cvar,500,50,15328124,0.5,0.5,0.01,0.002,500.0,1e-05,0.5,2000,23,0.01,100,100,full_batch,0,3700,3700,4,300,True,nan,nan,stagnation,,0.9557305828050553,0.4567104734544453,0.019749102375371197,0.00010817965423437492,0.019749102375371197,0.4974756459336167,0.4974617250784774
cvar,500,50,15328124,0.5,0.5,0.01,0.002,500.0,1e-05,0.5,2000,23,0.01,100,100,full_batch,0,3800,3800,4,400,True,nan,nan,stagnation,,0.8565418514238974,0.3668319716203389,0.018863728701600024,8.79733608923905e-05,0.018863728701600024,0.4974783852642531,0.49746170322222405
cvar,500,50,15328124,0.5,0.5,0.01,0.002,500.0,1e-05,0.5,2000,23,0.01,100,100,full_batch,0,3900,3900,4,500,True,nan,nan,stagnation,,0.7895569778889375,0.3117001106665561,0.02504337939774337,0.02504337939774337,0.014814213614689153,0.4974793613890927,0.497461735121306
cvar,500,50,15328124,0.5,0.5,0.01,0.002,500.0,1e-05,0.5,2000,23,0.01,100,100,full_batch,0,4000,4000,4,600,True,nan,nan,stagnation,,0.7367661593083954,0.2714121867510219,0.014477242603764928,0.014477242603764928,0.008127448538044368,0.49748550972245775,0.4974618117524051
cvar,500,50,15328124,0.5,0.5,0.01,0.002,500.0,1e-05,0.5,2000,23,0.01,100,100,full_batch,0,4100,4100,4,700,True,nan,nan,stagnation,,0.7140853669227352,0.25495895562658866,0.0324660694482356,0.0324660694482356,0.0030488925810667755,0.4974993941058871,0.4974619310412826
cvar,500,50,15328124,0.5,0.5,0.01,0.002,500.0,1e-05,0.5,2000,23,0.01,100,100,full_batch,0,4200,4200,4,800,True,nan,nan,stagnation,,0.7887302083321422,0.31104767076783224,0.11339933952661391,0.11339933952661391,0.009508674250461646,0.49752004439106784,0.49746218281849747
cvar,500,50,15328124,0.5,0.5,0.01,0.002,500.0,1e-05,0.5,2000,23,0.01,100,100,full_batch,0,4300,4300,4,900,True,nan,nan,stagnation,,0.6714645622561849,0.225432329182945,0.024732966220390673,0.024732966220390673,0.006158636961547281,0.4975427370127393,0.49746227747595195
cvar,500,50,15328124,0.5,0.5,0.01,0.002,500.0,1e-05,0.5,2000,23,0.01,100,100,full_batch,0,4400,4400,4,1000,True,nan,nan,stagnation,,0.6994663521639674,0.2446265889047836,0.01791465940075343,0.01791465940075343,0.009484589266600674,0.49757061357852395,0.4974622776328768
cvar,500,50,15328124,0.5,0.5,0.01,0.002,500.0,1e-05,0.5,2000,23,0.01,100,100,full_batch,0,4500,4500,4,1100,True,nan,nan,stagnation,,0.7225335119766638,0.26102733796466593,0.025600153470374698,0.025600153470374698,0.008366972806602258,0.49759913115261717,0.4974622776328781
cvar,500,50,15328124,0.5,0.5,0.01,0.002,500.0,1e-05,0.5,2000,23,0.01,100,100,minibatch,0,0,0,0,0,True,nan,nan,stagnation,,0.2880110751070277,0.04147518969215298,0.059983407687379864,0.03885435363233375,0.059983407687379864,0.5012038672665393,0.4911656629552724
cvar,500,50,15328124,0.5,0.5,0.01,0.002,500.0,1e-05,0.5,2000,23,0.01,100,100,minibatch,0,100,100,0,100,True,nan,nan,stagnation,,1.3684826260419807,0.9363723488893778,0.043295178892977626,0.043295178892977626,0.04222483118334075,0.5007608556470543,0.4908265373873352
cvar,500,50,15328124,0.5,0.5,0.01,0.002,500.0,1e-05,0.5,2000,23,0.01,100,100,minibatch,0,200,200,0,200,True,nan,nan,stagnation,,0.8258316556064479,0.3409989617008434,0.0757783961283729,0.046125644090949436,0.0757783961283729,0.5007682031249394,0.4908249088871475
cvar,500,50,15328124,0.5,0.5,0.01,0.002,500.0,1e-05,0.5,2000,23,0.01,100,100,minibatch,0,300,300,0,300,True,nan,nan,stagnation,,1.1795852204154633,0.6957106461112986,0.04482809703429802,0.028255315974506257,0.04482809703429802,0.5007730650787591,0.4908259928903859
cvar,500,50,15328124,0.5,0.5,0.01,0.002,500.0,1e-05,0.5,2000,23,0.01,100,100,minibatch,0,400,400,0,400,True,nan,nan,stagnation,,0.9163042851016335,0.41980677144780787,0.029543250778311658,0.015789139161048626,0.029543250778311658,0.5007691651219122,0.49082376457979654
cvar,500,50,15328124,0.5,0.5,0.01,0.002,500.0,1e-05,0.5,2000,23,0.01,100,100,minibatch,0,500,500,0,500,True,nan,nan,stagnation,,1.0037375159778985,0.503744500490741,0.052417116086895255,0.026663794062574575,0.052417116086895255,0.5007699309566939,0.4908200133238097
cvar,500,50,15328124,0.5,0.5,0.01,0.002,500.0,1e-05,0.5,2000,23,0.01,100,100,minibatch,0,600,600,0,600,True,nan,nan,stagnation,,0.7949921592136358,0.3160062666055794,0.025887846900948586,0.009344911963690694,0.025887846900948586,0.500772824975667,0.4908195636582706
cvar,500,50,15328124,0.5,0.5,0.01,0.002,500.0,1e-05,0.5,2000,23,0.01,100,100,minibatch,0,700,700,0,700,True,nan,nan,stagnation,,1.029708213882608,0.5301495028686553,0.0779161123306269,0.016527418541189887,0.0779161123306269,0.5007738263170416,0.49081698363281956
cvar,500,50,15328124,0.5,0.5,0.01,0.002,500.0,1e-05,0.5,2000,23,0.01,100,100,minibatch,0,800,800,0,800,True,nan,nan,stagnation,,0.8035154264125014,0.322818520241432,0.07417210917297523,0.028367711868270584,0.07417210917297523,0.5007768962682239,0.49081756748696176
cvar,500,50,15328124,0.5,0.5,0.01,0.002,500.0,1e-05,0.5,2000,23,0.01,100,100,minibatch,0,900,900,0,900,True,nan,nan,stagnation,,1.2503879629575914,0.7817350289546174,0.04923715310942134,0.04323198074406687,0.04923715310942134,0.500765806207394,0.49081222970660426
cvar,500,50,15328124,0.5,0.5,0.01,0.002,500.0,1e-05,0.5,2000,23,0.01,100,100,minibatch,0,1000,1000,0,1000,True,nan,nan,stagnation,,0.8063469552293647,0.32509770610383354,0.041302466987276354,0.041302466987276354,0.027167980426462623,0.5007720273765377,0.490811558203158
cvar,500,50,15328124,0.5,0.5,0.01,0.002,500.0,1e-05,0.5,2000,23,0.01,100,100,minibatch,0,1100,1100,0,1100,True,nan,nan,stagnation,,0.7664817037643294,0.29374710110273466,0.03448527872636098,0.03448527872636098,0.01811829813495014,0.5007728939434655,0.490811558203158
cvar,500,50,15328124,0.5,0.5,0.01,0.002,500.0,1e-05,0.5,2000,23,0.01,100,100,minibatch,0,1100,1100,1,0,True,nan,nan,stagnation,,0.43569564921193493,0.09491534937110473,0.0724886481984639,0.0724886481984639,0.06632798587361788,0.4930955897493589,0.4870203238390861
cvar,500,50,15328124,0.5,0.5,0.01,0.002,500.0,1e-05,0.5,2000,23,0.01,100,100,minibatch,0,1200,1200,1,100,True,nan,nan,stagnation,,1.1028193567104088,0.6081052667675799,0.05880643903950045,0.05880643903950045,0.02436949241046249,0.49297853827297483,0.48682212476154957
cvar,500,50,15328124,0.5,0.5,0.01,0.002,500.0,1e-05,0.5,2000,23,0.01,100,100,minibatch,0,1300,1300,1,200,True,nan,nan,stagnation,,1.4801818123657389,1.0954690988291618,0.13892029541847817,0.03453882278367004,0.13892029541847817,0.49296145408667313,0.4868167234083513
cvar,500,50,15328124,0.5,0.5,0.01,0.002,500.0,1e-05,0.5,2000,23,0.01,100,100,minibatch,0,1400,1400,1,300,True,nan,nan,stagnation,,1.1206319947162529,0.6279080337908639,0.052285761672662634,0.050699136436698544,0.052285761672662634,0.49293150599313407,0.4867889343871466
cvar,500,50,15328124,0.5,0.5,0.01,0.002,500.0,1e-05,0.5,2000,23,0.01,100,100,minibatch,0,1500,1500,1,400,True,nan,nan,stagnation,,0.8819423515355707,0.38891115571604606,0.06393937600904398,0.06393937600904398,0.0001435002160369292,0.492929562109217,0.4867846339680252
cvar,500,50,15328124,0.5,0.5,0.01,0.002,500.0,1e-05,0.5,2000,23,0.01,100,100,minibatch,0,1600,1600,1,500,True,nan,nan,stagnation,,0.8241259987413486,0.33959183090071265,0.07958466553465093,0.07958466553465093,0.00029531989769571165,0.49292989910620183,0.4867846586343559
cvar,500,50,15328124,0.5,0.5,0.01,0.002,500.0,1e-05,0.5,2000,23,0.01,100,100,minibatch,0,1700,1700,1,600,True,nan,nan,stagnation,,0.7577127202555418,0.2870642832185265,0.05281312591085752,0.05281312591085752,0.003102764532495028,0.49293137741176235,0.48678759749198186
cvar,500,50,15328124,0.5,0.5,0.01,0.002,500.0,1e-05,0.5,2000,23,0.01,100,100,minibatch,0,1800,1800,1,700,True,nan,nan,stagnation,,0.7429937267596507,0.27601983900209726,0.029817232202080213,0.029817232202080213,0.004302099923855884,0.49293398206229,0.4867916712901831
cvar,500,50,15328124,0.5,0.5,0.01,0.002,500.0,1e-05,0.5,2000,23,0.01,100,100,minibatch,0,1900,1900,1,800,True,nan,nan,stagnation,,0.7996551093864871,0.31972414698395735,0.02654829256733149,0.02654829256733149,0.006418130133770905,0.4929355376308812,0.48679054659770726
cvar,500,50,15328124,0.5,0.5,0.01,0.002,500.0,1e-05,0.5,2000,23,0.01,100,100,minibatch,0,2000,2000,1,900,True,nan,nan,stagnation,,0.7643759764240803,0.29213531666713305,0.03328845051985008,0.03328845051985008,0.0018246554676510929,0.49293770085016053,0.4867907445866063
cvar,500,50,15328124,0.5,0.5,0.01,0.002,500.0,1e-05,0.5,2000,23,0.01,100,100,minibatch,0,2100,2100,1,1000,True,nan,nan,stagnation,,0.7259828358915853,0.26352553900459424,0.03408579662744504,0.03408579662744504,0.026352919174275624,0.49293956284640567,0.48679743595448494
cvar,500,50,15328124,0.5,0.5,0.01,0.002,500.0,1e-05,0.5,2000,23,0.01,100,100,minibatch,0,2200,2200,1,1100,True,nan,nan,stagnation,,0.7319550699303615,0.26787911219838023,0.03245682670938688,0.03245682670938688,0.003395747068604571,0.4929416168257719,0.4867988305141018
cvar,500,50,15328124,0.5,0.5,0.01,0.002,500.0,1e-05,0.5,2000,23,0.01,100,100,minibatch,0,2300,2300,1,1200,True,nan,nan,stagnation,,0.7553498192126036,0.2852766746922565,0.04817108071454235,0.04817108071454235,0.03649770650218698,0.49294460512825033,0.4868043964548927
cvar,500,50,15328124,0.5,0.5,0.01,0.002,500.0,1e-05,0.5,2000,23,0.01,100,100,minibatch,0,2400,2400,1,1300,True,nan,nan,stagnation,,0.7030370563885162,0.24713055132771486,0.03523320178129086,0.03523320178129086,0.02416742301145225,0.49294566802422346,0.48681163795001786
cvar,500,50,15328124,0.5,0.5,0.01,0.002,500.0,1e-05,0.5,2000,23,0.01,100,100,minibatch,0,2400,2400,2,0,True,nan,nan,stagnation,,0.37896342751319506,0.07180663969627432,0.06611045885612832,0.055720148425985494,0.06611045885612832,0.506695630832807,0.4880823845236958
cvar,500,50,15328124,0.5,0.5,0.01,0.002,500.0,1e-05,0.5,2000,23,0.01,100,100,minibatch,0,2500,2500,2,100,True,nan,nan,stagnation,,1.1887156093210998,0.7065223999218168,0.04797770276384994,0.04797770276384994,0.0027064801718112985,0.5064713799346272,0.48787246440438975
cvar,500,50,15328124,0.5,0.5,0.01,0.002,500.0,1e-05,0.5,2000,23,0.01,100,100,minibatch,0,2600,2600,2,200,True,nan,nan,stagnation,,1.5082510180833264,1.1374105667746952,0.04958455273748141,0.0439455196241324,0.04958455273748141,0.5064302387948315,0.4878641790201036
cvar,500,50,15328124,0.5,0.5,0.01,0.002,500.0,1e-05,0.5,2000,23,0.01,100,100,minibatch,0,2700,2700,2,300,True,nan,nan,stagnation,,1.3992870832202453,0.9790021706335109,0.05269347832352256,0.04560314634791818,0.05269347832352256,0.5063594333273846,0.4877644390977582
cvar,500,50,15328124,0.5,0.5,0.01,0.002,500.0,1e-05,0.5,2000,23,0.01,100,100,minibatch,0,2800,2800,2,400,True,nan,nan,stagnation,,0.9403218248148821,0.44210256711159496,0.09073711507696625,0.09073711507696625,0.05788852906406694,0.5063586957003938,0.4877628959546052
cvar,500,50,15328124,0.5,0.5,0.01,0.002,500.0,1e-05,0.5,2000,23,0.01,100,100,minibatch,0,2900,2900,2,500,True,nan,nan,stagnation,,0.8313135503760625,0.34554110951942707,0.06818315504993788,0.05225572262321154,0.06818315504993788,0.5063332455387113,0.48776059997499865
cvar,500,50,15328124,0.5,0.5,0.01,0.002,500.0,1e-05,0.5,2000,23,0.01,100,100,minibatch,0,3000,3000,2,600,True,nan,nan,stagnation,,0.7829234501114525,0.30648456436721,0.08321806259948217,0.06465027409006541,0.08321806259948217,0.5063332523014843,0.4877606002528251
cvar,500,50,15328124,0.5,0.5,0.01,0.002,500.0,1e-05,0.5,2000,23,0.01,100,100,minibatch,0,3000,3000,3,0,True,nan,nan,stagnation,,0.41453737549443914,0.08592061784090882,0.07507598770108032,0.07448276963802347,0.07507598770108032,0.5137905159526884,0.4839594760804652
cvar,500,50,15328124,0.5,0.5,0.01,0.002,500.0,1e-05,0.5,2000,23,0.01,100,100,minibatch,0,3100,3100,3,100,True,nan,nan,stagnation,,1.716338569959883,1.4729090433659682,0.2350853959098843,0.11312425346467414,0.2350853959098843,0.5137178644168146,0.4838332682393465
cvar,500,50,15328124,0.5,0.5,0.01,0.002,500.0,1e-05,0.5,2000,23,0.01,100,100,minibatch,0,3200,3200,3,200,True,nan,nan,stagnation,,1.1119740701612995,0.6182431663555432,0.08823846802137214,0.08222066795886707,0.08823846802137214,0.513662916860883,0.48376995493144187
cvar,500,50,15328124,0.5,0.5,0.01,0.002,500.0,1e-05,0.5,2000,23,0.01,100,100,minibatch,0,3300,3300,3,300,True,nan,nan,stagnation,,2.137324266424896,2.2840775099243595,0.25766033917248854,0.25766033917248854,0.06610825831065137,0.5136475974361119,0.4837691629482952
cvar,500,50,15328124,0.5,0.5,0.01,0.002,500.0,1e-05,0.5,2000,23,0.01,100,100,minibatch,0,3400,3400,3,400,True,nan,nan,stagnation,,0.9990175073364815,0.4990179899823985,0.1356140831203262,0.10350944616737467,0.1356140831203262,0.5135940025525508,0.48374583705941016
cvar,500,50,15328124,0.5,0.5,0.01,0.002,500.0,1e-05,0.5,2000,23,0.01,100,100,minibatch,0,3500,3500,3,500,True,nan,nan,stagnation,,1.1408940303525992,0.6508195942470988,0.04787249150861128,0.03721284307286554,0.04787249150861128,0.5135894695580965,0.48374020768863435
cvar,500,50,15328124,0.5,0.5,0.01,0.002,500.0,1e-05,0.5,2000,23,0.01,100,100,minibatch,0,3600,3600,3,600,True,nan,nan,stagnation,,0.8133441603859811,0.3307643616169883,0.04692473848026768,0.043231407534539024,0.04692473848026768,0.5135883568536731,0.48373722771082067
cvar,500,50,15328124,0.5,0.5,0.01,0.002,500.0,1e-05,0.5,2000,23,0.01,100,100,minibatch,0,3700,3700,3,700,True,nan,nan,stagnation,,1.3383780535205758,0.8956279070727626,0.04417981677374805,0.03172730655479694,0.04417981677374805,0.51358098445089,0.483729178854801
cvar,500,50,15328124,0.5,0.5,0.01,0.002,500.0,1e-05,0.5,2000,23,0.01,100,100,minibatch,0,3800,3800,3,800,True,nan,nan,stagnation,,1.0141023059800447,0.5142017434970221,0.03420004282093303,3.586017910983674e-05,0.03420004282093303,0.5135788426223186,0.48372733433746684
cvar,500,50,15328124,0.5,0.5,0.01,0.002,500.0,1e-05,0.5,2000,23,0.01,100,100,minibatch,0,3900,3900,3,900,True,nan,nan,stagnation,,0.8072079747000924,0.3257923572097125,0.0699747917127983,0.004693443439954037,0.0699747917127983,0.5135828561562623,0.4837269793111651
cvar,500,50,15328124,0.5,0.5,0.01,0.002,500.0,1e-05,0.5,2000,23,0.01,100,100,minibatch,0,4000,4000,3,1000,True,nan,nan,stagnation,,0.8827992731900554,0.38966727837244497,0.026153939538128834,5.200265347138355e-05,0.026153939538128834,0.5135817905090562,0.48372580053395314
cvar,500,50,15328124,0.5,0.5,0.01,0.002,500.0,1e-05,0.5,2000,23,0.01,100,100,minibatch,0,4100,4100,3,1100,True,nan,nan,stagnation,,0.9001268760629654,0.4051141965054365,0.026920407341589847,8.810092158428873e-05,0.026920407341589847,0.5135825624856508,0.48372540280494725
cvar,500,50,15328124,0.5,0.5,0.01,0.002,500.0,1e-05,0.5,2000,23,0.01,100,100,minibatch,0,4200,4200,3,1200,True,nan,nan,stagnation,,0.7652504981531295,0.29280416246180646,0.04918340839710278,0.010549467687285707,0.04918340839710278,0.5135852400788351,0.48372464028220613
cvar,500,50,15328124,0.5,0.5,0.01,0.002,500.0,1e-05,0.5,2000,23,0.01,100,100,minibatch,0,4300,4300,3,1300,True,nan,nan,stagnation,,1.1106809651915541,0.6168061032194211,0.043384427380885326,0.029438581436663114,0.043384427380885326,0.5135912156905579,0.48372296362895945
cvar,500,50,15328124,0.5,0.5,0.01,0.002,500.0,1e-05,0.5,2000,23,0.01,100,100,minibatch,0,4400,4400,3,1400,True,nan,nan,stagnation,,0.7865054485163601,0.30929541027296037,0.025302513647696534,0.0156667562412256,0.025302513647696534,0.5135923515280646,0.48372288463595187
cvar,500,50,15328124,0.5,0.5,0.01,0.002,500.0,1e-05,0.5,2000,23,0.01,100,100,minibatch,0,4500,4500,3,1500,True,nan,nan,stagnation,,0.7607508484309601,0.28937092669421277,0.022163994257188957,0.013745660765287271,0.022163994257188957,0.5135936358520333,0.48372288463595187
cvar,500,50,15328124,0.5,0.5,0.01,0.002,500.0,1e-05,0.5,2000,23,0.01,100,100,minibatch,0,4600,4600,3,1600,True,nan,nan,stagnation,,0.7385783105979744,0.272748960442879,0.02065119605576471,0.017556280435330973,0.02065119605576471,0.513594908999052,0.4837228846359726
cvar,500,50,15328124,0.5,0.5,0.01,0.002,500.0,1e-05,0.5,2000,23,0.01,100,100,minibatch,0,4700,4700,3,1700,True,nan,nan,stagnation,,0.7282410420079205,0.26516750763239094,0.020229701395020117,0.018696016589210385,0.020229701395020117,0.5135973432486136,0.4837228846359726
cvar,500,50,15328124,0.5,0.5,0.01,0.002,500.0,1e-05,0.5,2000,23,0.01,100,100,minibatch,0,4800,4800,3,1800,True,nan,nan,stagnation,,0.7341918558667977,0.2695188406105663,0.022378657597923235,0.017261692507552828,0.022378657597923235,0.5135995216104952,0.48372304035521196
cvar,500,50,15328124,0.5,0.5,0.01,0.002,500.0,1e-05,0.5,2000,23,0.01,100,100,minibatch,0,4900,4900,3,1900,True,nan,nan,stagnation,,0.7243040070205852,0.262308147293038,0.020299364642670903,0.01889080680302735,0.020299364642670903,0.5136040809833674,0.48372323405201156
cvar,500,50,15328124,0.5,0.5,0.01,0.002,500.0,1e-05,0.5,2000,23,0.01,100,100,minibatch,0,5000,5000,3,2000,True,nan,nan,stagnation,,0.7166443287176234,0.2567895469415665,0.020253790403661487,0.017551071450852662,0.020253790403661487,0.5136095191781944,0.4837232340520732
cvar,500,50,15328124,0.5,0.5,0.01,0.002,500.0,1e-05,0.5,2000,23,0.01,100,100,minibatch,0,5000,5000,4,0,True,nan,nan,stagnation,,0.45804579228268333,0.10490297391393553,0.0805222586666785,0.07003947944058997,0.0805222586666785,0.4978710359514009,0.497900637663339
cvar,500,50,15328124,0.5,0.5,0.01,0.002,500.0,1e-05,0.5,2000,23,0.01,100,100,minibatch,0,5100,5100,4,100,True,nan,nan,stagnation,,1.4830582018660974,1.0997308150611511,0.09697842492098152,0.04291401529070238,0.09697842492098152,0.4975733622119502,0.49765582470452513
cvar,500,50,15328124,0.5,0.5,0.01,0.002,500.0,1e-05,0.5,2000,23,0.01,100,100,minibatch,0,5200,5200,4,200,True,nan,nan,stagnation,,1.15310508721897,0.6648256710851344,0.047699116013448783,0.047699116013448783,0.023454167432931494,0.4975608368159827,0.49764068970439906
cvar,500,50,15328124,0.5,0.5,0.01,0.002,500.0,1e-05,0.5,2000,23,0.01,100,100,minibatch,0,5300,5300,4,300,True,nan,nan,stagnation,,0.9994721593616849,0.4994722986695546,0.030936495588467006,0.030936495588467006,0.02115898719519027,0.4975576650676607,0.49764345039418256
cvar,500,50,15328124,0.5,0.5,0.01,0.002,500.0,1e-05,0.5,2000,23,0.01,100,100,minibatch,0,5400,5400,4,400,True,nan,nan,stagnation,,0.9930781889177568,0.4931021446520859,0.05714725373215934,0.05714725373215934,0.024310523223475933,0.4975285407898652,0.49764101137309386
cvar,500,50,15328124,0.5,0.5,0.01,0.002,500.0,1e-05,0.5,2000,23,0.01,100,100,minibatch,0,5500,5500,4,500,True,nan,nan,stagnation,,1.0026648339335726,0.5026683846035194,0.046860953040134934,0.046860953040134934,0.04131139843016207,0.49752600911004274,0.49764362806556744
cvar,500,50,15328124,0.5,0.5,0.01,0.002,500.0,1e-05,0.5,2000,23,0.01,100,100,minibatch,0,5600,5600,4,600,True,nan,nan,stagnation,,0.733703298893622,0.26916026540369176,0.019415609228321973,0.019415609228321973,0.012650145177350414,0.49752417569365726,0.49764879974916953
cvar,500,50,15328124,0.5,0.5,0.01,0.002,500.0,1e-05,0.5,2000,23,0.01,100,100,minibatch,0,5700,5700,4,700,True,nan,nan,stagnation,,0.7154128936763848,0.25590780421920917,0.03816164015008894,0.03816164015008894,0.010603549045799299,0.4975265176096722,0.49765439521100013
cvar,500,50,15328124,0.5,0.5,0.01,0.002,500.0,1e-05,0.5,2000,23,0.01,100,100,minibatch,0,5800,5800,4,800,True,nan,nan,stagnation,,0.7126533737272713,0.25393741554243093,0.07184371559546954,0.07184371559546954,0.010251771588335123,0.4975299461307875,0.49766072825650337
cvar,500,50,15328124,0.5,0.5,0.01,0.002,500.0,1e-05,0.5,2000,23,0.01,100,100,minibatch,0,5900,5900,4,900,True,nan,nan,stagnation,,0.7280651946553233,0.26503946383424687,0.04701606316566509,0.04701606316566509,0.01656687312406524,0.4975329445193133,0.4976650992358801
cvar,500,50,15328124,0.5,0.5,0.01,0.002,500.0,1e-05,0.5,2000,23,0.01,100,100,minibatch,0,6000,6000,4,1000,True,nan,nan,stagnation,,0.7318326053310669,0.2677894811128285,0.05902349408046881,0.05902349408046881,0.0034897868743573035,0.4975369288082446,0.4976695656886869
cvar,500,50,15328124,0.5,0.5,0.01,0.002,500.0,1e-05,0.5,2000,23,0.01,100,100,minibatch,0,6100,6100,4,1100,True,nan,nan,stagnation,,0.6877918430798127,0.23652880970356283,0.04268863346286411,0.04268863346286411,0.014406083776731804,0.4975409337627649,0.49767403902092683
cvar,500,50,15328125,0.5,0.5,0.01,0.002,500.0,1e-05,0.5,2000,23,0.01,100,100,full_batch,0,0,0,0,0,True,nan,nan,stagnation,,0.253865432659636,0.032223828949732095,0.05132006470991579,0.05132006470991579,0.039459253337148836,0.49464813915712774,0.5019774475749574
cvar,500,50,15328125,0.5,0.5,0.01,0.002,500.0,1e-05,0.5,2000,23,0.01,100,100,full_batch,0,100,100,0,100,True,nan,nan,stagnation,,1.9182010792117448,1.839747690144551,0.1787688182573951,0.1787688182573951,0.14101557771028772,0.4942968812698624,0.5016686416292258
cvar,500,50,15328125,0.5,0.5,0.01,0.002,500.0,1e-05,0.5,2000,23,0.01,100,100,full_batch,0,200,200,0,200,True,nan,nan,stagnation,,1.1852268583302938,0.7023813528537493,0.054674085850750065,0.03597739151992241,0.054674085850750065,0.49426096217937837,0.5016310369930691
cvar,500,50,15328125,0.5,0.5,0.01,0.002,500.0,1e-05,0.5,2000,23,0.01,100,100,full_batch,0,300,300,0,300,True,nan,nan,stagnation,,0.9547619731609903,0.4557852126971338,0.05226381962415383,0.020765047833785966,0.05226381962415383,0.49425521974186964,0.5016162233092741
cvar,500,50,15328125,0.5,0.5,0.01,0.002,500.0,1e-05,0.5,2000,23,0.01,100,100,full_batch,0,400,400,0,400,True,nan,nan,stagnation,,0.8359379331090578,0.34939611400532183,0.053017293302506596,0.053017293302506596,0.04883217589247135,0.49426849864148986,0.5016203252738932
cvar,500,50,15328125,0.5,0.5,0.01,0.002,500.0,1e-05,0.5,2000,23,0.01,100,100,full_batch,0,500,500,0,500,True,nan,nan,stagnation,,0.783606531773588,0.30701959831911557,0.05273531262349851,0.05273531262349851,0.031457994897277075,0.4942889813711818,0.5016274744261787
cvar,500,50,15328125,0.5,0.5,0.01,0.002,500.0,1e-05,0.5,2000,23,0.01,100,100,full_batch,0,500,500,1,0,True,nan,nan,stagnation,,0.4200344734832619,0.08821447945718051,0.09119931545778703,0.06727922863753011,0.09119931545778703,0.4934360325674787,0.50197882495549
cvar,500,50,15328125,0.5,0.5,0.01,0.002,500.0,1e-05,0.5,2000,23,0.01,100,100,full_batch,0,600,600,1,100,True,nan,nan,stagnation,,1.0606861437848716,0.5625275478086106,0.06282682593659061,0.017469352685125283,0.06282682593659061,0.4932061353299936,0.5017220026786966
cvar,500,50,15328125,0.5,0.5,0.01,0.002,500.0,1e-05,0.5,2000,23,0.01,100,100,full_batch,0,700,700,1,200,True,nan,nan,stagnation,,0.830815975410528,0.34512759249867353,0.05589703908319876,0.017143140525839984,0.05589703908319876,0.4932081910640089,0.501725618529128
cvar,500,50,15328125,0.5,0.5,0.01,0.002,500.0,1e-05,0.5,2000,23,0.01,100,100,full_batch,0,800,800,1,300,True,nan,nan,stagnation,,0.7737627836154733,0.29935442265418294,0.053542537601200535,0.005193732950868002,0.053542537601200535,0.4932082061787581,0.5017404319955251
cvar,500,50,15328125,0.5,0.5,0.01,0.002,500.0,1e-05,0.5,2000,23,0.01,100,100,full_batch,0,900,900,1,400,True,nan,nan,stagnation,,0.7478821414336134,0.2796638487376637,0.052603377791385686,0.009030525428613712,0.052603377791385686,0.49320923901412816,0.5017502880181103
cvar,500,50,15328125,0.5,0.5,0.01,0.002,500.0,1e-05,0.5,2000,23,0.01,100,100,full_batch,0,1000,1000,1,500,True,nan,nan,stagnation,,0.7187760621371659,0.2583195137507055,0.06845853431767213,0.007913106674806158,0.06845853431767213,0.4932098598044355,0.5017707730356279
cvar,500,50,15328125,0.5,0.5,0.01,0.002,500.0,1e-05,0.5,2000,23,0.01,100,100,full_batch,0,1100,1100,1,600,True,nan,nan,stagnation,,0.7332953108260808,0.26886100643975924,0.08383289961693507,0.010669803727779925,0.08383289961693507,0.49321149322058844,0.5017790231898237
cvar,500,50,15328125,0.5,0.5,0.01,0.002,500.0,1e-05,0.5,2000,23,0.01,100,100,full_batch,0,1200,1200,1,700,True,nan,nan,stagnation,,0.7209792007249046,0.25990550393896117,0.07888305779509375,0.009044479567694275,0.07888305779509375,0.4932135374219543,0.5017866010652396
cvar,500,50,15328125,0.5,0.5,0.01,0.002,500.0,1e-05,0.5,2000,23,0.01,100,100,full_batch,0,1300,1300,1,800,True,nan,nan,stagnation,,0.7082574474214538,0.2508143059139767,0.056912221620653014,0.0038520326510965708,0.056912221620653014,0.4932149009981944,0.5017943861386991
cvar,500,50,15328125,0.5,0.5,0.01,0.002,500.0,1e-05,0.5,2000,23,0.01,100,100,full_batch,0,1400,1400,1,900,True,nan,nan,stagnation,,0.6892810723783942,0.23755419836955455,0.05719950155357523,0.005510680365843679,0.05719950155357523,0.4932154701395215,0.5018109797269265
cvar,500,50,15328125,0.5,0.5,0.01,0.002,500.0,1e-05,0.5,2000,23,0.01,100,100,full_batch,0,1400,1400,2,0,True,nan,nan,stagnation,,0.42891775834065643,0.09198522170998688,0.08297672436161424,0.08297672436161424,0.06556735811739711,0.4932525899954199,0.5088364201425372
cvar,500,50,15328125,0.5,0.5,0.01,0.002,500.0,1e-05,0.5,2000,23,0.01,100,100,full_batch,0,1500,1500,2,100,True,nan,nan,stagnation,,1.4238250944871438,1.013638949845662,0.05601170045176851,0.029985885574935534,0.05601170045176851,0.4929948820546224,0.5086454732774472
cvar,500,50,15328125,0.5,0.5,0.01,0.002,500.0,1e-05,0.5,2000,23,0.01,100,100,full_batch,0,1600,1600,2,200,True,nan,nan,stagnation,,1.1872449471759028,0.7047752822973561,0.04993071663057569,0.04134024027389149,0.04993071663057569,0.49297607346755545,0.5086254136954209
cvar,500,50,15328125,0.5,0.5,0.01,0.002,500.0,1e-05,0.5,2000,23,0.01,100,100,full_batch,0,1700,1700,2,300,True,nan,nan,stagnation,,0.8256257668504489,0.34082895344369585,0.07095169018256864,0.07095169018256864,0.03067782039242417,0.4929712532941376,0.508624237053574
cvar,500,50,15328125,0.5,0.5,0.01,0.002,500.0,1e-05,0.5,2000,23,0.01,100,100,full_batch,0,1800,1800,2,400,True,nan,nan,stagnation,,0.7641055961599263,0.29192868104145825,0.036784326940393686,0.03659515949556935,0.036784326940393686,0.4929712532941735,0.5086255569077748
cvar,500,50,15328125,0.5,0.5,0.01,0.002,500.0,1e-05,0.5,2000,23,0.01,100,100,full_batch,0,1900,1900,2,500,True,nan,nan,stagnation,,0.7431462767339632,0.2761331943117761,0.03876367515098755,0.03876367515098755,0.03444536929446573,0.4929712532941735,0.5086276433314448
cvar,500,50,15328125,0.5,0.5,0.01,0.002,500.0,1e-05,0.5,2000,23,0.01,100,100,full_batch,0,2000,2000,2,600,True,nan,nan,stagnation,,0.7328615694804896,0.2685430400107033,0.05147245082231666,0.05147245082231666,0.02968400061051668,0.4929712532941735,0.5086296398717355
cvar,500,50,15328125,0.5,0.5,0.01,0.002,500.0,1e-05,0.5,2000,23,0.01,100,100,full_batch,0,2100,2100,2,700,True,nan,nan,stagnation,,0.7268840675875584,0.2641802238563171,0.05381067804473538,0.05381067804473538,0.02714003359579953,0.4929712532941735,0.5086316415075359
cvar,500,50,15328125,0.5,0.5,0.01,0.002,500.0,1e-05,0.5,2000,23,0.01,100,100,full_batch,0,2200,2200,2,800,True,nan,nan,stagnation,,0.7228398501781282,0.2612487245027694,0.05408952149691992,0.05408952149691992,0.024956411692219183,0.4929712532941735,0.50863367433189
cvar,500,50,15328125,0.5,0.5,0.01,0.002,500.0,1e-05,0.5,2000,23,0.01,100,100,full_batch,0,2300,2300,2,900,True,nan,nan,stagnation,,0.7199352166017281,0.2591533580516886,0.05378785345121517,0.05378785345121517,0.023002322050517,0.4929712532941735,0.5086356997312301
cvar,500,50,15328125,0.5,0.5,0.01,0.002,500.0,1e-05,0.5,2000,23,0.01,100,100,full_batch,0,2300,2300,3,0,True,nan,nan,stagnation,,0.3941996096763221,0.07769666613448235,0.07927085153573787,0.07927085153573787,0.05399832688417949,0.4951215400965068,0.5091399667642491
cvar,500,50,15328125,0.5,0.5,0.01,0.002,500.0,1e-05,0.5,2000,23,0.01,100,100,full_batch,0,2400,2400,3,100,True,nan,nan,stagnation,,0.979920546255695,0.4801221384870299,0.11694029739787881,0.11694029739787881,0.06636231181864816,0.4949133882152283,0.5089918898000486
cvar,500,50,15328125,0.5,0.5,0.01,0.002,500.0,1e-05,0.5,2000,23,0.01,100,100,full_batch,0,2500,2500,3,200,True,nan,nan,stagnation,,0.7929857979740135,0.31441323789424147,0.0623053732284754,0.0623053732284754,0.04730971268290152,0.4949131973057847,0.5089948431960992
cvar,500,50,15328125,0.5,0.5,0.01,0.002,500.0,1e-05,0.5,2000,23,0.01,100,100,full_batch,0,2600,2600,3,300,True,nan,nan,stagnation,,1.2148302754163558,0.7379062990340894,0.04898581995198459,0.04898581995198459,0.041598942694295316,0.4948998150131447,0.508982456133169
cvar,500,50,15328125,0.5,0.5,0.01,0.002,500.0,1e-05,0.5,2000,23,0.01,100,100,full_batch,0,2700,2700,3,400,True,nan,nan,stagnation,,1.0337672644785656,0.5343373785537483,0.04426013402938245,0.04426013402938245,0.04036749603019052,0.49489132061458746,0.5089765534341641
cvar,500,50,15328125,0.5,0.5,0.01,0.002,500.0,1e-05,0.5,2000,23,0.01,100,100,full_batch,0,2800,2800,3,500,True,nan,nan,stagnation,,0.839124473640666,0.3520649411313624,0.06584734059415331,0.010533698837358774,0.06584734059415331,0.4948934353769373,0.5089776819628424
cvar,500,50,15328125,0.5,0.5,0.01,0.002,500.0,1e-05,0.5,2000,23,0.01,100,100,full_batch,0,2900,2900,3,600,True,nan,nan,stagnation,,0.787061765030233,0.30973311098625284,0.06285055355565194,0.004843015949242191,0.06285055355565194,0.49489502598570945,0.5089810978657036
cvar,500,50,15328125,0.5,0.5,0.01,0.002,500.0,1e-05,0.5,2000,23,0.01,100,100,full_batch,0,3000,3000,3,700,True,nan,nan,stagnation,,0.7452530567643908,0.27770105930833416,0.020945673014539645,0.013290524230395229,0.020945673014539645,0.4948967413200664,0.5089832021474109
cvar,500,50,15328125,0.5,0.5,0.01,0.002,500.0,1e-05,0.5,2000,23,0.01,100,100,full_batch,0,3100,3100,3,800,True,nan,nan,stagnation,,0.7276271577011322,0.2647206403121141,0.02100282052952529,0.01522763610372857,0.02100282052952529,0.4948981783827468,0.5089858987258675
cvar,500,50,15328125,0.5,0.5,0.01,0.002,500.0,1e-05,0.5,2000,23,0.01,100,100,full_batch,0,3200,3200,3,900,True,nan,nan,stagnation,,0.7150921148900382,0.2556783663889538,0.020189367563878124,0.01575100107269911,0.020189367563878124,0.49490026782512625,0.5089879579371962
cvar,500,50,15328125,0.5,0.5,0.01,0.002,500.0,1e-05,0.5,2000,23,0.01,100,100,full_batch,0,3300,3300,3,1000,True,nan,nan,stagnation,,0.7111123101544932,0.25284035882663003,0.02219438342147151,0.016446172146242333,0.02219438342147151,0.4949029507829741,0.50898972213648
cvar,500,50,15328125,0.5,0.5,0.01,0.002,500.0,1e-05,0.5,2000,23,0.01,100,100,full_batch,0,3400,3400,3,1100,True,nan,nan,stagnation,,0.7092740188380267,0.2515348168993227,0.02115066793810072,0.016137252315685968,0.02115066793810072,0.4949054132708398,0.5089914355897803
cvar,500,50,15328125,0.5,0.5,0.01,0.002,500.0,1e-05,0.5,2000,23,0.01,100,100,full_batch,0,3500,3500,3,1200,True,nan,nan,stagnation,,0.7042031278302101,0.24795102262292562,0.020110749587956667,0.016891106136643796,0.020110749587956667,0.4949077300737014,0.5089934113978156
cvar,500,50,15328125,0.5,0.5,0.01,0.002,500.0,1e-05,0.5,2000,23,0.01,100,100,full_batch,0,3600,3600,3,1300,True,nan,nan,stagnation,,0.7042056115116594,0.24795277164225507,0.021675910775597385,0.016269304981303412,0.021675910775597385,0.49491008406251197,0.5089952262724566
cvar,500,50,15328125,0.5,0.5,0.01,0.002,500.0,1e-05,0.5,2000,23,0.01,100,100,full_batch,0,3700,3700,3,1400,True,nan,nan,stagnation,,0.7033731813856511,0.247366916146286,0.02208199860585036,0.016192779209306285,0.02208199860585036,0.4949122840414388,0.5089968202951721
cvar,500,50,15328125,0.5,0.5,0.01,0.002,500.0,1e-05,0.5,2000,23,0.01,100,100,full_batch,0,3700,3700,4,0,True,nan,nan,stagnation,,0.45020711579325007,0.10134322355543844,0.08905976035851382,0.08905976035851382,0.05196373411271127,0.4847835948268581,0.5087075603984643
cvar,500,50,15328125,0.5,0.5,0.01,0.002,500.0,1e-05,0.5,2000,23,0.01,100,100,full_batch,0,3800,3800,4,100,True,nan,nan,stagnation,,1.1902689675792422,0.7083701075910775,0.029385165832356952,0.0004060021742549047,0.029385165832356952,0.48460049890999946,0.5085170083902222
cvar,500,50,15328125,0.5,0.5,0.01,0.002,500.0,1e-05,0.5,2000,23,0.01,100,100,full_batch,0,3900,3900,4,200,True,nan,nan,stagnation,,0.9214947320426644,0.42457627059119096,0.06402696436120703,0.0008634376041489755,0.06402696436120703,0.4846016882424951,0.508516978090175
cvar,500,50,15328125,0.5,0.5,0.01,0.002,500.0,1e-05,0.5,2000,23,0.01,100,100,full_batch,0,4000,4000,4,300,True,nan,nan,stagnation,,0.7790791900867422,0.30348219221310707,0.05999634568799661,0.037149389856156456,0.05999634568799661,0.4846067608844996,0.5085170528536465
cvar,500,50,15328125,0.5,0.5,0.01,0.002,500.0,1e-05,0.5,2000,23,0.01,100,100,full_batch,0,4100,4100,4,400,True,nan,nan,stagnation,,0.734590819013951,0.2698118356897936,0.04284175816238711,0.03256194752408059,0.04284175816238711,0.48461450326280997,0.5085171087875611
cvar,500,50,15328125,0.5,0.5,0.01,0.002,500.0,1e-05,0.5,2000,23,0.01,100,100,full_batch,0,4200,4200,4,500,True,nan,nan,stagnation,,0.7200043227946143,0.2592031124214656,0.040688496766134064,0.02596113463731642,0.040688496766134064,0.48462084977960057,0.5085171087875769
cvar,500,50,15328125,0.5,0.5,0.01,0.002,500.0,1e-05,0.5,2000,23,0.01,100,100,full_batch,0,4300,4300,4,600,True,nan,nan,stagnation,,0.7128713492652298,0.2540927803016146,0.037779970900081894,0.023609916592578384,0.037779970900081894,0.4846257681057289,0.5085171087875776
cvar,500,50,15328125,0.5,0.5,0.01,0.002,500.0,1e-05,0.5,2000,23,0.01,100,100,minibatch,0,0,0,0,0,True,nan,nan,regret_tolerance,regret_tolerance,0.253865432659636,0.032223828949732095,0.05132006470991579,0.05132006470991579,0.039459253337148836,0.49464813915712774,0.5019774475749574
cvar,500,50,15328125,0.5,0.5,0.01,0.002,500.0,1e-05,0.5,2000,23,0.01,100,100,minibatch,0,100,100,0,100,True,nan,nan,regret_tolerance,regret_tolerance,1.3132352948302894,0.8622934697939986,0.051311084181039024,0.04967495155644952,0.051311084181039024,0.49440655753287793,0.5018621676750195
cvar,500,50,15328125,0.5,0.5,0.01,0.002,500.0,1e-05,0.5,2000,23,0.01,100,100,minibatch,0,200,200,0,200,True,nan,nan,regret_tolerance,regret_tolerance,1.0710103147501633,0.5735315471506219,0.15195781567974753,0.15195781567974753,0.016316470335717037,0.49438324442738735,0.5018482735818419
cvar,500,50,15328125,0.5,0.5,0.01,0.002,500.0,1e-05,0.5,2000,23,0.01,100,100,minibatch,0,300,300,0,300,True,nan,nan,regret_tolerance,regret_tolerance,0.9726486817962577,0.47302272909999893,0.0707443976421096,0.0707443976421096,0.007850487645289395,0.49437177430221224,0.5018486046797703
cvar,500,50,15328125,0.5,0.5,0.01,0.002,500.0,1e-05,0.5,2000,23,0.01,100,100,minibatch,0,400,400,0,400,True,nan,nan,regret_tolerance,regret_tolerance,1.1118304564620536,0.6180834819583092,0.04857373245132601,0.04169039962502852,0.04857373245132601,0.49436475030367316,0.5018516823204359
cvar,500,50,15328125,0.5,0.5,0.01,0.002,500.0,1e-05,0.5,2000,23,0.01,100,100,minibatch,0,500,500,0,500,True,nan,nan,regret_tolerance,regret_tolerance,1.4029626343084385,0.9841520766328367,0.046115737304757376,0.04148912129902915,0.046115737304757376,0.49435541861074467,0.5018541560655878
cvar,500,50,15328125,0.5,0.5,0.01,0.002,500.0,1e-05,0.5,2000,23,0.01,100,100,minibatch,0,600,600,0,600,True,nan,nan,regret_tolerance,regret_tolerance,1.0692667691094548,0.5716657117608861,0.13828164509814778,0.13828164509814778,0.036467170301077156,0.49435327639025856,0.5018473589511238
cvar,500,50,15328125,0.5,0.5,0.01,0.002,500.0,1e-05,0.5,2000,23,0.01,100,100,minibatch,0,700,700,0,700,True,nan,nan,regret_tolerance,regret_tolerance,0.9313060945466972,0.4336655208699109,0.08141171142377945,0.0016217261826900753,0.08141171142377945,0.4943527796191414,0.5018428380917679
cvar,500,50,15328125,0.5,0.5,0.01,0.002,500.0,1e-05,0.5,2000,23,0.01,100,100,minibatch,0,800,800,0,800,True,nan,nan,regret_tolerance,regret_tolerance,0.8080433264346195,0.3264670086977625,0.047000890521218586,0.021329488919553552,0.047000890521218586,0.49435279577930075,0.5018439574706068
cvar,500,50,15328125,0.5,0.5,0.01,0.002,500.0,1e-05,0.5,2000,23,0.01,100,100,minibatch,0,900,900,0,900,True,nan,nan,regret_tolerance,regret_tolerance,0.8098623739860531,0.3279385323991629,0.10398249840900109,0.050238775368692146,0.10398249840900109,0.4943534858574504,0.5018441635376131
cvar,500,50,15328125,0.5,0.5,0.01,0.002,500.0,1e-05,0.5,2000,23,0.01,100,100,minibatch,0,1000,1000,0,1000,True,nan,nan,regret_tolerance,regret_tolerance,0.7571459545874367,0.2866349982740604,0.04086574762739925,0.018899629739209778,0.04086574762739925,0.4943536176015323,0.5018471465744959
cvar,500,50,15328125,0.5,0.5,0.01,0.002,500.0,1e-05,0.5,2000,23,0.01,100,100,minibatch,0,1100,1100,0,1100,True,nan,nan,regret_tolerance,regret_tolerance,0.7411011319361865,0.27461544387854847,0.040187539493424684,0.019494282739781266,0.040187539493424684,0.4943536176094808,0.5018471624642022
cvar,500,50,15328125,0.5,0.5,0.01,0.002,500.0,1e-05,0.5,2000,23,0.01,100,100,minibatch,0,1200,1200,0,1200,True,nan,nan,regret_tolerance,regret_tolerance,0.7330648506391635,0.26869203762130955,0.03896123823805109,0.020440104830049766,0.03896123823805109,0.49435361770882474,0.5018471625555765
cvar,500,50,15328125,0.5,0.5,0.01,0.002,500.0,1e-05,0.5,2000,23,0.01,100,100,minibatch,0,1300,1300,0,1300,True,nan,nan,regret_tolerance,regret_tolerance,0.7276704762634024,0.26475216101270344,0.038849944380675794,0.021357112223191033,0.038849944380675794,0.49435361814554296,0.5018471625761542
cvar,500,50,15328125,0.5,0.5,0.01,0.002,500.0,1e-05,0.5,2000,23,0.01,100,100,minibatch,0,1400,1400,0,1400,True,nan,nan,regret_tolerance,regret_tolerance,0.7239945564463994,0.2620840588820093,0.03944634258747215,0.022141440019865732,0.03944634258747215,0.49435362112191394,0.5018471625768613
cvar,500,50,15328125,0.5,0.5,0.01,0.002,500.0,1e-05,0.5,2000,23,0.01,100,100,minibatch,0,1500,1500,0,1500,True,nan,nan,regret_tolerance,regret_tolerance,0.7213953250276197,0.26020560748585253,0.03922118108591299,0.02292669950879833,0.03922118108591299,0.4943536295263677,0.5018471625779434
cvar,500,50,15328125,0.5,0.5,0.01,0.002,500.0,1e-05,0.5,2000,23,0.01,100,100,minibatch,0,1600,1600,0,1600,True,nan,nan,regret_tolerance,regret_tolerance,0.719447410380539,0.25880228815163187,0.0384076770278009,0.02358860136993468,0.0384076770278009,0.494353700626508,0.5018471625783396
cvar,500,50,15328125,0.5,0.5,0.01,0.002,500.0,1e-05,0.5,2000,23,0.01,100,100,minibatch,0,1700,1700,0,1700,True,nan,nan,regret_tolerance,regret_tolerance,0.718067944522702,0.2578107864755291,0.0380581083366901,0.024632578472260303,0.0380581083366901,0.49435375374241397,0.5018471625787043
cvar,500,50,15328125,0.5,0.5,0.01,0.002,500.0,1e-05,0.5,2000,23,0.01,100,100,minibatch,0,1800,1800,0,1800,True,nan,nan,regret_tolerance,regret_tolerance,0.7167757361597231,0.2568837279736565,0.03670993895083707,0.02521758706012911,0.03670993895083707,0.4943539076807415,0.5018471625792611
cvar,500,50,15328125,0.5,0.5,0.01,0.002,500.0,1e-05,0.5,2000,23,0.01,100,100,minibatch,0,1900,1900,0,1900,True,nan,nan,regret_tolerance,regret_tolerance,0.7149087362254346,0.255547250565724,0.03596559039481684,0.02689986569629732,0.03596559039481684,0.49435460767488665,0.5018471625864777
cvar,500,50,15328125,0.5,0.5,0.01,0.002,500.0,1e-05,0.5,2000,23,0.01,100,100,minibatch,0,2000,2000,0,2000,True,nan,nan,regret_tolerance,regret_tolerance,0.7145719898259874,0.2553065643219355,0.03355681870753546,0.031985760080458725,0.03355681870753546,0.49435494652005035,0.5018471625866042
cvar,500,50,15328125,0.5,0.5,0.01,0.002,500.0,1e-05,0.5,2000,23,0.01,100,100,minibatch,0,2000,2000,1,0,True,nan,nan,regret_tolerance,regret_tolerance,0.4200344734832619,0.08821447945718051,0.09119931545778703,0.06727922863753011,0.09119931545778703,0.4934360325674787,0.50197882495549
cvar,500,50,15328125,0.5,0.5,0.01,0.002,500.0,1e-05,0.5,2000,23,0.01,100,100,minibatch,0,2100,2100,1,100,True,nan,nan,regret_tolerance,regret_tolerance,1.4123567809652608,0.9973758383692769,0.06724001781294286,0.06724001781294286,0.03753581219317259,0.49289896625588686,0.5014962386290602
cvar,500,50,15328125,0.5,0.5,0.01,0.002,500.0,1e-05,0.5,2000,23,0.01,100,100,minibatch,0,2200,2200,1,200,True,nan,nan,regret_tolerance,regret_tolerance,1.2828480640821005,0.8228495777595966,0.03168229617117324,0.03168229617117324,0.016680206690288135,0.4928721373142172,0.5014774832913698
cvar,500,50,15328125,0.5,0.5,0.01,0.002,500.0,1e-05,0.5,2000,23,0.01,100,100,minibatch,0,2300,2300,1,300,True,nan,nan,regret_tolerance,regret_tolerance,0.8873132533724617,0.3936624048052112,0.0747519944734335,0.07422118535636568,0.0747519944734335,0.49287034075996516,0.5014784974984033
cvar,500,50,15328125,0.5,0.5,0.01,0.002,500.0,1e-05,0.5,2000,23,0.01,100,100,minibatch,0,2400,2400,1,400,True,nan,nan,regret_tolerance,regret_tolerance,0.7777791965865226,0.3024702393213883,0.0847271758783662,0.05742253400307051,0.0847271758783662,0.4928703407800941,0.5014784974986772
cvar,500,50,15328125,0.5,0.5,0.01,0.002,500.0,1e-05,0.5,2000,23,0.01,100,100,minibatch,0,2500,2500,1,500,True,nan,nan,regret_tolerance,regret_tolerance,0.7537420190214574,0.28406351561927157,0.08074433847331508,0.05792100202584216,0.08074433847331508,0.4928703407804833,0.5014784974986772
cvar,500,50,15328125,0.5,0.5,0.01,0.002,500.0,1e-05,0.5,2000,23,0.01,100,100,minibatch,0,2600,2600,1,600,True,nan,nan,regret_tolerance,regret_tolerance,0.73984910272642,0.2736883474025444,0.0748782241377729,0.055426637996068506,0.0748782241377729,0.49287034078091463,0.5014784974986772
cvar,500,50,15328125,0.5,0.5,0.01,0.002,500.0,1e-05,0.5,2000,23,0.01,100,100,minibatch,0,2700,2700,1,700,True,nan,nan,regret_tolerance,regret_tolerance,0.7312921547732774,0.26739410781647155,0.06979767073303356,0.053080888381196956,0.06979767073303356,0.4928703407811072,0.5014784974986772
cvar,500,50,15328125,0.5,0.5,0.01,0.002,500.0,1e-05,0.5,2000,23,0.01,100,100,minibatch,0,2700,2700,2,0,True,nan,nan,regret_tolerance,regret_tolerance,0.42891775834065643,0.09198522170998688,0.08297672436161424,0.08297672436161424,0.06556735811739711,0.4932525899954199,0.5088364201425372
cvar,500,50,15328125,0.5,0.5,0.01,0.002,500.0,1e-05,0.5,2000,23,0.01,100,100,minibatch,0,2800,2800,2,100,True,nan,nan,regret_tolerance,regret_tolerance,3.201527954215049,5.124890620810199,0.42658498200518297,0.04827345869426458,0.42658498200518297,0.4930289764299804,0.5085363471704355
cvar,500,50,15328125,0.5,0.5,0.01,0.002,500.0,1e-05,0.5,2000,23,0.01,100,100,minibatch,0,2900,2900,2,200,True,nan,nan,regret_tolerance,regret_tolerance,1.1396570170631541,0.6494090582706432,0.03782591978735794,0.03730024468336013,0.03782591978735794,0.49298022799613667,0.50847869932316
cvar,500,50,15328125,0.5,0.5,0.01,0.002,500.0,1e-05,0.5,2000,23,0.01,100,100,minibatch,0,3000,3000,2,300,True,nan,nan,regret_tolerance,regret_tolerance,0.8731507982534868,0.38119615824535064,0.049896868423047636,0.03189260187566423,0.049896868423047636,0.49298074247931983,0.5084805280394372
cvar,500,50,15328125,0.5,0.5,0.01,0.002,500.0,1e-05,0.5,2000,23,0.01,100,100,minibatch,0,3100,3100,2,400,True,nan,nan,regret_tolerance,regret_tolerance,0.8245569684749134,0.3399470971302697,0.043742423006218334,0.028118396667490275,0.043742423006218334,0.4929828680439594,0.5084866066999013
cvar,500,50,15328125,0.5,0.5,0.01,0.002,500.0,1e-05,0.5,2000,23,0.01,100,100,minibatch,0,3200,3200,2,500,True,nan,nan,regret_tolerance,regret_tolerance,0.7531440533599763,0.28361298255574735,0.0403174086284368,0.0403174086284368,0.039514977042506394,0.4929867291853429,0.5084931542636282
cvar,500,50,15328125,0.5,0.5,0.01,0.002,500.0,1e-05,0.5,2000,23,0.01,100,100,minibatch,0,3300,3300,2,600,True,nan,nan,regret_tolerance,regret_tolerance,0.7323252370491052,0.2681501264095141,0.021762887708778322,0.021762887708778322,0.016150934123849603,0.49299048508286963,0.5084981735262961
cvar,500,50,15328125,0.5,0.5,0.01,0.002,500.0,1e-05,0.5,2000,23,0.01,100,100,minibatch,0,3400,3400,2,700,True,nan,nan,regret_tolerance,regret_tolerance,0.7231914472873846,0.261502934714811,0.03117964308820853,0.03117964308820853,0.026896138166222605,0.49299322735750284,0.5085037449479519
cvar,500,50,15328125,0.5,0.5,0.01,0.002,500.0,1e-05,0.5,2000,23,0.01,100,100,minibatch,0,3500,3500,2,800,True,nan,nan,regret_tolerance,regret_tolerance,0.6960519173168301,0.24224413580021767,0.011763297264291706,0.011763297264291706,0.001879376029443769,0.492996205064323,0.5085090789959543
cvar,500,50,15328125,0.5,0.5,0.01,0.002,500.0,1e-05,0.5,2000,23,0.01,100,100,minibatch,0,3600,3600,2,900,True,nan,nan,regret_tolerance,regret_tolerance,0.693462860952514,0.24044536976022285,0.0209895876307421,0.0209895876307421,0.013732196708780342,0.49299866064795184,0.5085141333637219
cvar,500,50,15328125,0.5,0.5,0.01,0.002,500.0,1e-05,0.5,2000,23,0.01,100,100,minibatch,0,3700,3700,2,1000,True,nan,nan,regret_tolerance,regret_tolerance,0.6878894003879866,0.2365959135830719,0.008349610307654798,0.008349610307654798,0.0018923421442385013,0.49300068288776555,0.5085165943374521
