K,n,seed,gamma,entropy_kappa,smoothing_tau,max_iter,minibatch_size,step_size,step_decay,regret_tolerance,record_every,certify_every,methods,full_batch_success,full_batch_time_s,full_batch_solve_time_s,full_batch_eta,full_batch_regret1,full_batch_regret2,full_batch_residual_norm,full_batch_objective,full_batch_iterations,full_batch_has_profile,full_batch_history_len,full_batch_best_residual_norm,full_batch_best_objective,full_batch_best_certificate_eta,full_batch_best_certificate_iteration,full_batch_error,minibatch_success,minibatch_time_s,minibatch_solve_time_s,minibatch_eta,minibatch_regret1,minibatch_regret2,minibatch_residual_norm,minibatch_objective,minibatch_iterations,minibatch_has_profile,minibatch_history_len,minibatch_best_residual_norm,minibatch_best_objective,minibatch_best_certificate_eta,minibatch_best_certificate_iteration,minibatch_error,eta_diff_minibatch_minus_full_batch,residual_diff_minibatch_minus_full_batch,time_ratio_minibatch_over_full_batch,x_l1_minibatch_minus_full_batch,y_l1_minibatch_minus_full_batch
30,20,302123,0.5,0.05,0.02,1000,6,0.3,0.5,0.001,25,25,"full_batch,minibatch",False,31.236460083164275,30.875012500211596,0.014039060091994127,0.013205221339419593,0.014039060091994127,0.0661943559155292,0.002190846377535878,1000,True,41,0.0661943559155292,0.002190846377535878,0.014039060091994127,1000,,False,28.867060250137,28.856306333094835,0.014039547978392464,0.013202848272467649,0.014039547978392464,0.06617844114603182,0.0021897930362593985,1000,True,41,0.06617844114603182,0.0021897930362593985,0.014039547978392464,1000,,4.878863983370785e-07,-1.5914769497388237e-05,0.924146339671046,0.00026033254223375296,0.00017095381131276843
100,20,1002123,0.5,0.05,0.02,1000,10,0.3,0.5,0.001,25,25,"full_batch,minibatch",False,32.05973841715604,32.034976332914084,0.009325673879768737,0.009325673879768737,0.0038868520860996236,0.039994125190430205,0.0007997650248739019,1000,True,41,0.039994125190430205,0.0007997650248739019,0.009325673879768737,1000,,False,29.899286875035614,29.888682417105883,0.009325550747862177,0.009325550747862177,0.0038866820101151056,0.039995184104221704,0.0007998073757652942,1000,True,41,0.039995184104221704,0.0007998073757652942,0.009325550747862177,1000,,-1.2313190655977024e-07,1.0589137914990276e-06,0.9326116915238363,0.00012086408888361405,0.00014029069788397408
30,20,302123,0.5,0.05,0.02,1000,6,0.4,0.5,0.001,25,25,"full_batch,minibatch",False,28.34656949993223,28.336358833126724,0.013992859608867314,0.01314664093813972,0.013992859608867314,0.06517201634876499,0.0021236958574818456,1000,True,41,0.06517201634876499,0.0021236958574818456,0.013992859608867314,1000,,False,27.000111249741167,26.990539041813463,0.013993614340310712,0.013143593730066627,0.013993614340310712,0.06515142565682756,0.0021223541325585643,1000,True,41,0.06515142565682756,0.0021223541325585643,0.013993614340310712,1000,,7.547314433975494e-07,-2.059069193742491e-05,0.9525001340922653,0.000342386953169016,0.00022581446591805193
100,20,1002123,0.5,0.05,0.02,1000,10,0.4,0.5,0.001,25,25,"full_batch,minibatch",False,27.45693116635084,27.445519417058676,0.009301796217342118,0.009301796217342118,0.003878532673009305,0.039329236910289306,0.0007733944379728313,1000,True,41,0.039329236910289306,0.0007733944379728313,0.009301796217342118,1000,,False,28.185760208405554,28.175995165947825,0.009301637195221868,0.009301637195221868,0.003878307698848782,0.039330633835177715,0.000773449378938413,1000,True,41,0.039330633835177715,0.000773449378938413,0.009301637195221868,1000,,-1.5902212024965223e-07,1.3969248884096452e-06,1.0265444465602882,0.00015941121578046114,0.00018502457011878443
30,20,302123,0.5,0.05,0.02,1000,6,0.5,0.5,0.001,25,25,"full_batch,minibatch",False,29.599548707716167,29.58860466722399,0.01394825670966987,0.0130891482333097,0.01394825670966987,0.06416998474272259,0.002058893470940625,1000,True,41,0.06416998474272259,0.002058893470940625,0.01394825670966987,1000,,False,30.830020332708955,30.82151462510228,0.013949325300366577,0.013085480191929177,0.013949325300366577,0.06414500768847693,0.0020572910056773823,1000,True,41,0.06414500768847693,0.0020572910056773823,0.013949325300366577,1000,,1.0685906967067282e-06,-2.497705424565899e-05,1.0415706211315316,0.0004223479481037101,0.00027965591900737385
100,20,1002123,0.5,0.05,0.02,1000,10,0.5,0.5,0.001,25,25,"full_batch,minibatch",False,30.260382959153503,30.248837999999523,0.009278371809837427,0.009278371809837427,0.003870340947442208,0.03867614924805519,0.0007479222603289199,1000,True,41,0.03867614924805519,0.0007479222603289199,0.009278371809837427,1000,,False,27.985457041766495,27.974319708067924,0.009278179414991483,0.009278179414991483,0.003870072544103653,0.038677877296333055,0.000747989096075098,1000,True,41,0.038677877296333055,0.000747989096075098,0.009278179414991483,1000,,-1.923948459436886e-07,1.7280482778672668e-06,0.9248216415351458,0.00019711505593260348,0.0002287805558112352
30,20,302123,0.5,0.05,0.02,1000,6,1.0,0.5,0.001,25,25,"full_batch,minibatch",False,29.433816249947995,29.422296792268753,0.013749286308299191,0.012817084008002078,0.013749286308299191,0.059445421749861324,0.001766879083509443,1000,True,41,0.059445421749861324,0.001766879083509443,0.013749286308299191,1000,,False,29.403463874943554,29.39471837459132,0.013752507013989113,0.01281101354019254,0.013752507013989113,0.05940239243871017,0.0017643221137212657,1000,True,41,0.05940239243871017,0.0017643221137212657,0.013752507013989113,1000,,3.220705689921388e-06,-4.302931115115344e-05,0.9989687924003231,0.0007907684531584941,0.0005362779169121451
100,20,1002123,0.5,0.05,0.02,1000,10,1.0,0.5,0.001,25,25,"full_batch,minibatch",False,28.052101290784776,28.040093333926052,0.009167714260796822,0.009167714260796822,0.0038297138429107536,0.03557938175834349,0.0006329462031529729,1000,True,41,0.03557938175834349,0.0006329462031529729,0.009167714260796822,1000,,False,28.623194875195622,28.6138463341631,0.009167391475511322,0.009167391475511322,0.003829264346248862,0.03558267361960342,0.0006330633309596105,1000,True,41,0.03558267361960342,0.0006330633309596105,0.009167391475511322,1000,,-3.227852855003377e-07,3.291861259926976e-06,1.0203583174925457,0.00037352823772390104,0.0004336256069979935
30,20,302123,0.5,0.1,0.02,1000,6,0.3,0.5,0.001,25,25,"full_batch,minibatch",False,27.30555241694674,27.295275375247,0.013956496458789935,0.013093245653322982,0.013956496458789935,0.057721706745673715,0.0016658977148167771,1000,True,41,0.057721706745673715,0.0016658977148167771,0.013956496458789935,1000,,False,26.763120791874826,26.755397791042924,0.013958433380559743,0.013090735290880007,0.013958433380559743,0.057676990316245715,0.0016633176059701509,1000,True,41,0.057676990316245715,0.0016633176059701509,0.013958433380559743,1000,,1.9369217698073093e-06,-4.4716429428000304e-05,0.9801347500028873,0.00047209195045015,0.0003214852910427418
100,20,1002123,0.5,0.1,0.02,1000,10,0.3,0.5,0.001,25,25,"full_batch,minibatch",False,27.327480166684836,27.31565525010228,0.009268928280647404,0.009268928280647404,0.0038679859702206443,0.03468551595470703,0.0006015425085221179,1000,True,41,0.03468551595470703,0.0006015425085221179,0.009268928280647404,1000,,False,26.603396583814174,26.594259083271027,0.009268869492924103,0.009268869492924103,0.0038676547622963353,0.03469325101139359,0.0006018108328697811,1000,True,41,0.03469325101139359,0.0006018108328697811,0.009268869492924103,1000,,-5.8787723300479655e-08,7.735056686559993e-06,0.9735034632372216,0.00020775022566585366,0.0002492647622847066
30,20,302123,0.5,0.1,0.02,1000,6,0.4,0.5,0.001,25,25,"full_batch,minibatch",False,27.655006249900907,27.644981333985925,0.013894086395063732,0.013006962900432517,0.013894086395063732,0.05431320319194388,0.0014749620204846914,1000,True,41,0.05431320319194388,0.0014749620204846914,0.013894086395063732,1000,,False,27.82519929204136,27.816905041225255,0.013896962722257544,0.013003986007262769,0.013896962722257544,0.054259247718268615,0.001472032981476219,1000,True,41,0.054259247718268615,0.001472032981476219,0.013896962722257544,1000,,2.876327193812589e-06,-5.395547367526704e-05,1.0061541494730657,0.0006004454281358096,0.0004106462218837065
100,20,1002123,0.5,0.1,0.02,1000,10,0.4,0.5,0.001,25,25,"full_batch,minibatch",False,29.109467249829322,29.09823483414948,0.009230823408551192,0.009230823408551192,0.0038546471483075218,0.03252998876972179,0.0005291000846791129,1000,True,41,0.03252998876972179,0.0005291000846791129,0.009230823408551192,1000,,False,28.77866700012237,28.76935104187578,0.009230786029984894,0.009230786029984894,0.003854260095596196,0.032540057067825645,0.0005294276569886749,1000,True,41,0.032540057067825645,0.0005294276569886749,0.009230786029984894,1000,,-3.737856629770775e-08,1.0068298103856066e-05,0.9886359909349116,0.0002668911061307899,0.0003209429029944061
30,20,302123,0.5,0.1,0.02,1000,6,0.5,0.5,0.001,25,25,"full_batch,minibatch",False,28.68697066605091,28.673660875298083,0.013839266663069172,0.012925962556497528,0.013839266663069172,0.05111722724031177,0.001306485460368836,1000,True,41,0.05111722724031177,0.001306485460368836,0.013839266663069172,1000,,False,28.34325979091227,28.334998707752675,0.013843326431968062,0.012922649610804027,0.013843326431968062,0.05105628186296028,0.0013033719588350235,1000,True,41,0.05105628186296028,0.0013033719588350235,0.013843326431968062,1000,,4.059768898889704e-06,-6.094537735149008e-05,0.9880185719454373,0.0007202046412741053,0.0004920944262091081
100,20,1002123,0.5,0.1,0.02,1000,10,0.5,0.5,0.001,25,25,"full_batch,minibatch",False,29.751047250349075,29.739557042252272,0.009195215824958691,0.009195215824958691,0.0038415059442364896,0.030509831673597068,0.00046542491437561346,1000,True,41,0.030509831673597068,0.00046542491437561346,0.009195215824958691,1000,,False,29.03269458329305,29.022849082946777,0.009195217394061261,0.009195217394061261,0.0038410689898266126,0.030522136061199006,0.0004658003948691724,1000,True,41,0.030522136061199006,0.0004658003948691724,0.009195217394061261,1000,,1.5691025700981243e-09,1.2304387601937833e-05,0.9758545418246547,0.0003215492162491479,0.0003885179896183297
30,20,302123,0.5,0.1,0.02,1000,6,1.0,0.5,0.001,25,25,"full_batch,minibatch",False,27.945936082862318,27.930924250278622,0.013604416691967436,0.012608993224910603,0.013604416691967436,0.03785464400889083,0.0007164870365199273,1000,True,41,0.03785464400889083,0.0007164870365199273,0.013604416691967436,1000,,False,29.185629750136286,29.17744500003755,0.013611532476936417,0.012604027878977242,0.013611532476936417,0.037783430890158974,0.0007137938249157096,1000,True,41,0.037783430890158974,0.0007137938249157096,0.013611532476936417,1000,,7.115784968980687e-06,-7.12131187318582e-05,1.0443604273479392,0.0011785443705236848,0.0008284044374883767
100,20,1002123,0.5,0.1,0.02,1000,10,1.0,0.5,0.001,25,25,"full_batch,minibatch",False,30.519010415766388,30.50594670837745,0.009049732053766024,0.009049732053766024,0.003788553107252457,0.02215404031847575,0.00024540075121632455,1000,True,41,0.02215404031847575,0.00024540075121632455,0.009049732053766024,1000,,False,32.38872795877978,32.37857437506318,0.00905014749380012,0.00905014749380012,0.003787774673487787,0.022176639727021347,0.0002459016747910507,1000,True,41,0.022176639727021347,0.0002459016747910507,0.00905014749380012,1000,,4.1544003409610397e-07,2.2599408545598276e-05,1.06126402912617,0.0005378818696207752,0.0006663892337380947
30,20,302123,0.5,0.25,0.02,1000,6,0.3,0.5,0.001,25,25,"full_batch,minibatch",False,31.752359915990382,31.742151875048876,0.013869932937541074,0.012954529795057679,0.013869932937541074,0.021964308408339035,0.0002412154219283164,1000,True,41,0.021964308408339035,0.0002412154219283164,0.013869932937541074,1000,,False,27.293191583361477,27.285311250016093,0.013876205142191567,0.0129523441612453,0.013876205142191567,0.021929345416086633,0.00024044809518901993,1000,True,41,0.021929345416086633,0.00024044809518901993,0.013876205142191567,1000,,6.272204650492608e-06,-3.4962992252401265e-05,0.8595641916245953,0.0006450316137111903,0.00046557694076788253
100,20,1002123,0.5,0.25,0.02,1000,10,0.3,0.5,0.001,25,25,"full_batch,minibatch",False,26.72029499989003,26.70902045816183,0.009195996787301597,0.009195996787301597,0.0038425737407979943,0.012961293031936263,8.399755852985976e-05,1000,True,41,0.012961293031936263,8.399755852985976e-05,0.009195996787301597,1000,,False,27.226556458044797,27.217449207790196,0.00919684950726879,0.00919684950726879,0.0038423881907176938,0.013015805265691164,8.470559335719691e-05,1000,True,41,0.013015805265691164,8.470559335719691e-05,0.00919684950726879,1000,,8.527199671926056e-07,5.451223375490047e-05,1.0189467016796354,0.0003168686259446274,0.00040992287975501196
30,20,302123,0.5,0.25,0.02,1000,6,0.4,0.5,0.001,25,25,"full_batch,minibatch",False,26.807675375137478,26.797480792272836,0.013830757008365169,0.012891214671246543,0.013830757008365169,0.014991790912139367,0.00011237689737665226,1000,True,41,0.014991790912139367,0.00011237689737665226,0.013830757008365169,1000,,False,29.33566716685891,29.327681167051196,0.013838691400733516,0.01288854530689576,0.013838691400733516,0.015004928964525934,0.00011257394661523465,1000,True,41,0.015004928964525934,0.00011257394661523465,0.013838691400733516,1000,,7.934392368347254e-06,1.3138052386566651e-05,1.094301044620452,0.0007151653838443697,0.0005387234618103379
100,20,1002123,0.5,0.25,0.02,1000,10,0.4,0.5,0.001,25,25,"full_batch,minibatch",False,27.786869124975055,27.7752462499775,0.009166931795937305,0.009166931795937305,0.003831676247712301,0.008752781560304426,3.830559252120259e-05,1000,True,41,0.008752781560304426,3.830559252120259e-05,0.009166931795937305,1000,,False,30.364292500074953,30.35423633409664,0.009168248034018667,0.009168248034018667,0.0038315509952908666,0.008831788879282718,3.9000247404110944e-05,1000,True,41,0.008831788879282718,3.9000247404110944e-05,0.009168248034018667,1000,,1.3162380813613872e-06,7.900731897829243e-05,1.0927568832424985,0.00038293338397547144,0.0004808073575313654
30,20,302123,0.5,0.25,0.02,1000,6,0.5,0.5,0.001,25,25,"full_batch,minibatch",False,30.75421733316034,30.743076541926712,0.013804256345811394,0.012848268196809842,0.013804256345811394,0.010239350640547916,5.2422150770044514e-05,1000,True,41,0.010239350640547916,5.2422150770044514e-05,0.013804256345811394,1000,,False,29.227164583280683,29.219316166825593,0.013813171453529172,0.012844933162926064,0.013813171453529172,0.010314310514709962,5.319250069692824e-05,1000,True,41,0.010314310514709962,5.319250069692824e-05,0.013813171453529172,1000,,8.91510771777737e-06,7.495987416204601e-05,0.950346557893602,0.0007588503260423721,0.0005934490880579665
100,20,1002123,0.5,0.25,0.02,1000,10,0.5,0.5,0.001,25,25,"full_batch,minibatch",False,30.2654117080383,30.253038208000362,0.009147423108066044,0.009147423108066044,0.0038247966243141196,0.005910083157898602,1.7464541466638356e-05,1000,True,41,0.005910083157898602,1.7464541466638356e-05,0.009147423108066044,1000,,False,29.26130725024268,29.2507433751598,0.009149194148459605,0.009149194148459605,0.0038246937430819195,0.006026944209089682,1.8162028249739828e-05,1000,True,41,0.006026944209089682,1.8162028249739828e-05,0.009149194148459605,1000,,1.7710403935611296e-06,0.00011686105119108024,0.9668233669681442,0.0004365629263551746,0.000549568891936289
30,20,302123,0.5,0.25,0.02,1000,6,1.0,0.5,0.001,25,25,"full_batch,minibatch",False,29.843950625043362,29.832420541904867,0.013757117538838404,0.01277070261709129,0.013757117538838404,0.0015366336682490953,1.1806215151983353e-06,1000,True,41,0.0015366336682490953,1.1806215151983353e-06,0.013757117538838404,1000,,False,29.781782917212695,29.773534999694675,0.013769260597589428,0.012766347595887018,0.013769260597589428,0.0024630669172573043,3.0333493194437e-06,1000,True,41,0.0022918299712255397,2.626242308503829e-06,0.013769260597589428,925,,1.214305875102406e-05,0.000926433249008209,0.9979169075632198,0.0007931366852737751,0.0009658656507961424
100,20,1002123,0.5,0.25,0.02,1000,10,1.0,0.5,0.001,25,25,"full_batch,minibatch",False,28.14140958432108,28.12949979212135,0.009113294904427194,0.009113294904427194,0.003812483213855855,0.0008284852338953087,3.431938913912822e-07,1000,True,41,0.0008284852338953087,3.431938913912822e-07,0.009113294904427194,1000,,False,28.00274983374402,27.992440165951848,0.00911628744502263,0.00911628744502263,0.0038128259028878952,0.0015871193824337014,1.2594739670483667e-06,1000,True,41,0.00158467609891073,1.255599169229465e-06,0.00911628744502263,975,,2.9925405954367434e-06,0.0007586341485383926,0.9950727503481447,0.0005592034849988409,0.00076782002357937
